business_name,category,city,address,phone,source,created_at
New Rao Tax Consultants,CA/Accountant,Vadodara,"Plot 464, Station Road Marg, Vadodara - 754361",+91-9381217075,Google Maps,2026-04-28T22:01:12.926429
Joshi Medical Center,Doctor,Lucknow,"Plot 991, Indira Nagar Nagar, Lucknow - 966346",+91-9825716651,Justdial,2026-02-11T21:01:12.926518
Reddy Academy,Tutor,Coimbatore,"Plot 404, Main Area Nagar, Coimbatore - 285288",+91-9818087873,IndiaMART,2026-02-28T08:01:12.926540
Sri Nair Properties,Real Estate Agent,Noida,"Plot 533, Main Area Colony, Noida - 760488",+91-9837440562,Google Maps,2026-04-17T13:01:12.926556
Sunita's Auto Works,Car Repair,Nagpur,"Plot 10, Main Area Marg, Nagpur - 100138",+91-9849884314,Google Maps,2026-03-31T06:01:12.926573
Rekha Desai Clicks,Photographer,Ahmedabad,"Plot 411, Navrangpura Marg, Ahmedabad - 836674",+91-9013089903,TradeIndia,2026-02-14T23:01:12.926589
New Nair Hair Studio,Salon,Surat,"Plot 216, Main Area Street, Surat - 959777",+91-9094098611,TradeIndia,2026-04-20T03:01:12.926604
Sunita's Logistics,Courier Service,Chennai,"Plot 279, Adyar Lane, Chennai - 106952",+91-9118053055,Justdial,2026-04-21T21:01:12.926618
Neha Joshi Plumbing Services,Plumber,Kochi,"Plot 661, Central Enclave, Kochi - 152648",+91-8785519668,Sulekha,2026-04-28T09:01:12.926633
Neha's Dhaba,Restaurant,Chandigarh,"Plot 402, Main Area Colony, Chandigarh - 977007",+91-9793627436,Justdial,2026-02-18T23:01:12.926647
New Joshi HygieneX,Pest Control,Surat,"Plot 437, Main Area Lane, Surat - 528540",+91-8749190477,Justdial,2026-03-22T00:01:12.926660
Royal Legal Associates,Lawyer,Chennai,"Plot 862, T Nagar Street, Chennai - 592294",+91-9665746956,Google Maps,2026-04-30T20:01:12.926677
Royal Celebrations,Event Planner,Bhopal,"Plot 188, Central Street, Bhopal - 732702",+91-8880667255,Justdial,2026-03-21T20:01:12.926692
Anita Chauhan Design Studio,Interior Designer,Indore,"Plot 876, Station Road Nagar, Indore - 249927",+91-9081149086,TradeIndia,2026-04-01T01:01:12.926707
Royal Accounting Firm,CA/Accountant,Jaipur,"Plot 236, Vaishali Nagar Marg, Jaipur - 680686",+91-9492192459,Justdial,2026-04-29T18:01:12.926721
New Desai Bites,Restaurant,Nagpur,"Plot 498, Central Road, Nagpur - 730663",+91-8802090777,Sulekha,2026-02-19T21:01:12.926734
Royal Garage,Car Repair,Delhi,"Plot 679, Connaught Place Nagar, Delhi - 973383",+91-8840052938,Sulekha,2026-05-12T20:01:12.926747
Vikram Nair Gym & Spa,Gym,Delhi,"Plot 195, Karol Bagh Nagar, Delhi - 615941",+91-9775202491,IndiaMART,2026-02-27T06:01:12.926761
Rekha Nair Design Studio,Interior Designer,Noida,"Plot 953, Central Road, Noida - 319481",+91-8834974385,TradeIndia,2026-02-12T23:01:12.926775
Deepak Gupta Real Estate,Real Estate Agent,Noida,"Plot 352, Station Road Nagar, Noida - 683922",+91-9730047149,IndiaMART,2026-03-14T08:01:12.926789
New Mehta Health Center,Doctor,Nagpur,"Plot 845, Main Area Road, Nagpur - 639650",+91-9749444208,Google Maps,2026-02-20T12:01:12.926802
New Rao Photography,Photographer,Kochi,"Plot 594, Station Road Road, Kochi - 171591",+91-8877890733,IndiaMART,2026-05-09T21:01:12.926815
Arun's Academy,Tutor,Coimbatore,"Plot 571, Main Area Nagar, Coimbatore - 943400",+91-9006107943,IndiaMART,2026-04-20T12:01:12.926828
Sri Chauhan Interiors,Interior Designer,Vadodara,"Plot 426, Station Road Colony, Vadodara - 752726",+91-9836272028,Justdial,2026-02-12T23:01:12.926840
Reddy Gadget Fix,Electronics Repair,Chandigarh,"Plot 975, Station Road Colony, Chandigarh - 918158",+91-9052264614,Google Maps,2026-04-10T13:01:12.926853
Kavita Shah Logistics,Courier Service,Nagpur,"Plot 945, Station Road Road, Nagpur - 782117",+91-8739965656,Justdial,2026-05-05T17:01:12.926869
Rahul's Accounting Firm,CA/Accountant,Coimbatore,"Plot 671, Central Nagar, Coimbatore - 598859",+91-9869214904,TradeIndia,2026-04-28T17:01:12.926882
New Reddy Events,Event Planner,Chandigarh,"Plot 40, Station Road Lane, Chandigarh - 712960",+91-9765203442,Google Maps,2026-04-09T07:01:12.926897
Royal Auto Works,Car Repair,Noida,"Plot 116, Station Road Marg, Noida - 284087",+91-9349978008,TradeIndia,2026-03-05T18:01:12.926909
Arun Chauhan & Associates,CA/Accountant,Jaipur,"Plot 277, Vaishali Nagar Road, Jaipur - 838042",+91-9672090582,Google Maps,2026-04-04T16:01:12.926922
Sanjay Mehta Event Management,Event Planner,Pune,"Plot 500, Hinjewadi Marg, Pune - 438372",+91-9138908366,Justdial,2026-03-22T23:01:12.926935
Sri Patil Homes,Real Estate Agent,Bhopal,"Plot 120, Central Nagar, Bhopal - 414628",+91-9013882557,Google Maps,2026-02-19T19:01:12.926947
Sri Das Electronics,Electronics Repair,Visakhapatnam,"Plot 446, Main Area Street, Visakhapatnam - 761248",+91-9547590382,Justdial,2026-04-04T11:01:12.926959
Ravi Mehta Caterers,Caterer,Coimbatore,"Plot 824, Station Road Road, Coimbatore - 526640",+91-9661696783,Google Maps,2026-05-01T08:01:12.926971
Agarwal Plumbing Works,Plumber,Surat,"Plot 353, Central Colony, Surat - 619370",+91-8878785841,Sulekha,2026-02-19T10:01:12.926986
Royal Properties,Real Estate Agent,Indore,"Plot 323, Station Road Nagar, Indore - 418958",+91-9184337348,Justdial,2026-04-14T08:01:12.926999
Sri Shah Clicks,Photographer,Kolkata,"Plot 404, Park Street Enclave, Kolkata - 411414",+91-8776439845,Sulekha,2026-03-04T17:01:12.927010
Sri Menon Cafe,Restaurant,Jaipur,"Plot 314, Malviya Nagar Enclave, Jaipur - 696886",+91-8717361619,Justdial,2026-02-24T02:01:12.927022
Royal & Associates,CA/Accountant,Surat,"Plot 733, Central Street, Surat - 924682",+91-9118215068,Google Maps,2026-03-30T04:01:12.927034
Priya Agarwal Hair Studio,Salon,Kochi,"Plot 143, Main Area Road, Kochi - 302448",+91-8836104202,IndiaMART,2026-03-23T20:01:12.927047
New Sharma & Associates,CA/Accountant,Chandigarh,"Plot 483, Main Area Lane, Chandigarh - 379388",+91-9700500960,Justdial,2026-04-05T12:01:12.927059
Iyer Learning Hub,Tutor,Surat,"Plot 538, Station Road Marg, Surat - 296046",+91-7050233713,Google Maps,2026-04-29T01:01:12.927071
Royal Classes,Tutor,Chennai,"Plot 562, Adyar Colony, Chennai - 854873",+91-8758274054,Google Maps,2026-03-05T06:01:12.927102
Swati's & Associates,CA/Accountant,Vadodara,"Plot 613, Central Enclave, Vadodara - 612562",+91-9675865147,Sulekha,2026-03-12T09:01:12.927131
Raj Kulkarni Tech Repair,Electronics Repair,Noida,"Plot 200, Central Colony, Noida - 946295",+91-7052119398,Google Maps,2026-05-11T05:01:12.927157
Neha's Dental Care,Dentist,Vadodara,"Plot 377, Main Area Street, Vadodara - 549246",+91-9405080592,Sulekha,2026-05-08T20:01:12.927180
Pooja Rao Bites,Restaurant,Delhi,"Plot 545, Dwarka Road, Delhi - 131402",+91-9366585329,TradeIndia,2026-05-03T11:01:12.927195
Swati's Pipe Solutions,Plumber,Mumbai,"Plot 956, Powai Marg, Mumbai - 225668",+91-9667373173,IndiaMART,2026-03-19T16:01:12.927213
Royal Spa,Salon,Visakhapatnam,"Plot 352, Station Road Lane, Visakhapatnam - 722901",+91-9503718297,IndiaMART,2026-03-12T06:01:12.927226
Sri Shah Plumbing Works,Plumber,Surat,"Plot 691, Station Road Marg, Surat - 373568",+91-9656744993,Sulekha,2026-04-12T04:01:12.927238
Royal & Advocates,Lawyer,Delhi,"Plot 98, Connaught Place Enclave, Delhi - 846408",+91-9075681003,TradeIndia,2026-04-05T03:01:12.927253
New Joshi Hair Studio,Salon,Lucknow,"Plot 857, Hazratganj Marg, Lucknow - 746301",+91-9190122979,IndiaMART,2026-05-08T15:01:12.927267
New Gupta Coaching Center,Tutor,Kolkata,"Plot 633, Gariahat Street, Kolkata - 167957",+91-9859849632,Google Maps,2026-03-10T18:01:12.927281
Royal Kitchen,Restaurant,Chennai,"Plot 887, T Nagar Enclave, Chennai - 690783",+91-9624309261,Google Maps,2026-03-28T13:01:12.927294
Joshi Gym & Spa,Gym,Delhi,"Plot 934, Rohini Street, Delhi - 615165",+91-9778569176,TradeIndia,2026-04-26T06:01:12.927306
New Mehta Event Management,Event Planner,Lucknow,"Plot 414, Gomti Nagar Enclave, Lucknow - 971556",+91-9177186275,IndiaMART,2026-04-04T13:01:12.927319
Sri Mehta Accounting Firm,CA/Accountant,Kolkata,"Plot 129, Howrah Colony, Kolkata - 985944",+91-8789063737,TradeIndia,2026-03-03T14:01:12.927331
Royal Events,Event Planner,Coimbatore,"Plot 24, Main Area Enclave, Coimbatore - 891937",+91-9711492452,Justdial,2026-02-24T08:01:12.927344
Ashok's Pest Solutions,Pest Control,Mumbai,"Plot 282, Powai Lane, Mumbai - 442456",+91-9397580920,Google Maps,2026-04-30T08:01:12.927358
Royal Gadget Fix,Electronics Repair,Pune,"Plot 844, Viman Nagar Lane, Pune - 428584",+91-9841717669,Google Maps,2026-03-11T01:01:12.927370
Ravi's Smile Studio,Dentist,Pune,"Plot 882, Hinjewadi Street, Pune - 918810",+91-7015492808,TradeIndia,2026-04-16T10:01:12.927382
Sharma Electrical Works,Electrician,Kolkata,"Plot 838, Salt Lake Lane, Kolkata - 883563",+91-9668722655,TradeIndia,2026-03-17T06:01:12.927396
New Chauhan Hair Studio,Salon,Pune,"Plot 705, Hadapsar Enclave, Pune - 351421",+91-9788074562,Justdial,2026-02-13T16:01:12.927407
New Mehta Fit Zone,Gym,Coimbatore,"Plot 628, Station Road Road, Coimbatore - 919106",+91-9642423269,TradeIndia,2026-03-20T21:01:12.927419
Royal Hospital,Doctor,Kochi,"Plot 574, Main Area Road, Kochi - 261245",+91-9377448142,IndiaMART,2026-04-13T14:01:12.927430
Swati Patel Pest Solutions,Pest Control,Chandigarh,"Plot 822, Central Enclave, Chandigarh - 484968",+91-7068308757,IndiaMART,2026-04-06T12:01:12.927443
New Reddy Coaching Center,Tutor,Vadodara,"Plot 186, Station Road Marg, Vadodara - 792554",+91-9306919932,TradeIndia,2026-03-10T12:01:12.927457
Royal Pipe Solutions,Plumber,Kochi,"Plot 13, Main Area Lane, Kochi - 785243",+91-9427541938,IndiaMART,2026-04-20T08:01:12.927470
Royal Smile Studio,Dentist,Bangalore,"Plot 21, HSR Layout Road, Bangalore - 908601",+91-9776351232,TradeIndia,2026-05-01T05:01:12.927482
Pooja's Health Club,Gym,Ahmedabad,"Plot 503, Vastrapur Road, Ahmedabad - 916837",+91-8782482694,Google Maps,2026-02-13T08:01:12.927493
Chauhan Garage,Car Repair,Ahmedabad,"Plot 822, SG Highway Road, Ahmedabad - 373507",+91-9506022373,IndiaMART,2026-05-09T00:01:12.927506
Royal Learning Hub,Tutor,Nagpur,"Plot 491, Central Lane, Nagpur - 112364",+91-9518244552,TradeIndia,2026-03-14T16:01:12.927518
Rahul's Kitchen,Restaurant,Hyderabad,"Plot 143, Kukatpally Lane, Hyderabad - 521880",+91-9763758431,Google Maps,2026-03-30T01:01:12.927530
Suresh Patil Fitness Center,Gym,Visakhapatnam,"Plot 826, Central Road, Visakhapatnam - 848757",+91-9051485783,Google Maps,2026-03-28T04:01:12.927544
Sri Desai Food Services,Caterer,Bhopal,"Plot 724, Main Area Nagar, Bhopal - 477079",+91-9897730971,Justdial,2026-02-17T18:01:12.927555
Sri Pillai IT Services,Web Developer,Mumbai,"Plot 63, Andheri Street, Mumbai - 293411",+91-9818476278,Google Maps,2026-03-19T11:01:12.927566
Ravi Gupta Accounting Firm,CA/Accountant,Chandigarh,"Plot 552, Station Road Nagar, Chandigarh - 446653",+91-9586206475,IndiaMART,2026-02-21T23:01:12.927580
Nair Electronics,Electronics Repair,Noida,"Plot 672, Main Area Nagar, Noida - 525685",+91-9027975713,Google Maps,2026-03-21T01:01:12.927595
Sri Iyer Health Club,Gym,Lucknow,"Plot 453, Aminabad Colony, Lucknow - 902297",+91-9421235752,Sulekha,2026-03-12T21:01:12.927615
New Joshi Properties,Real Estate Agent,Pune,"Plot 106, Viman Nagar Lane, Pune - 702134",+91-9511668361,IndiaMART,2026-04-17T11:01:12.927627
New Joshi Studio,Photographer,Mumbai,"Plot 500, Andheri Colony, Mumbai - 674601",+91-9151320324,Google Maps,2026-03-03T19:01:12.927639
Neha Kulkarni Homes,Real Estate Agent,Bhopal,"Plot 33, Main Area Colony, Bhopal - 549779",+91-9727296205,IndiaMART,2026-02-28T09:01:12.927650
Gupta Plumbing Services,Plumber,Indore,"Plot 180, Station Road Nagar, Indore - 757992",+91-9825468212,Justdial,2026-05-04T09:01:12.927662
New Chauhan Classes,Tutor,Jaipur,"Plot 720, C Scheme Marg, Jaipur - 312321",+91-8801184014,TradeIndia,2026-04-19T15:01:12.927674
Sri Patel Makeover Studio,Salon,Coimbatore,"Plot 483, Main Area Marg, Coimbatore - 858834",+91-9037601526,Sulekha,2026-03-24T17:01:12.927697
Shah Motors,Car Repair,Chennai,"Plot 545, T Nagar Enclave, Chennai - 511938",+91-7082232767,Google Maps,2026-05-09T18:01:12.927716
Nikhil's Event Management,Event Planner,Nagpur,"Plot 888, Central Enclave, Nagpur - 425055",+91-9563437530,TradeIndia,2026-03-28T18:01:12.927732
Sri Agarwal Beauty Salon,Salon,Kochi,"Plot 855, Main Area Road, Kochi - 861734",+91-9076496574,Sulekha,2026-04-14T02:01:12.927744
Sri Singh Dental Clinic,Dentist,Bangalore,"Plot 645, HSR Layout Colony, Bangalore - 281571",+91-9613537218,Justdial,2026-05-13T02:01:12.927755
Royal Fit Zone,Gym,Delhi,"Plot 695, Lajpat Nagar Lane, Delhi - 644999",+91-9186870350,IndiaMART,2026-04-11T12:01:12.927767
Royal Tech Solutions,Web Developer,Kolkata,"Plot 48, New Town Marg, Kolkata - 329488",+91-8765606196,TradeIndia,2026-02-22T04:01:12.927779
Sri Bhat Power Solutions,Electrician,Lucknow,"Plot 129, Aminabad Nagar, Lucknow - 421528",+91-9780032845,Google Maps,2026-03-26T04:01:12.927790
Sri Verma Plumbing Works,Plumber,Coimbatore,"Plot 619, Central Enclave, Coimbatore - 768383",+91-9586070471,Sulekha,2026-04-29T20:01:12.927801
Nikhil Joshi Digital Studio,Web Developer,Indore,"Plot 726, Central Enclave, Indore - 926459",+91-8809385264,Justdial,2026-03-02T14:01:12.927814
Sri Pillai Pest Control Services,Pest Control,Lucknow,"Plot 643, Aminabad Marg, Lucknow - 938087",+91-9559203812,TradeIndia,2026-04-23T11:01:12.927825
Sri Rao Celebrations,Event Planner,Indore,"Plot 46, Station Road Marg, Indore - 800917",+91-7093184819,Google Maps,2026-03-13T13:01:12.927839
Pooja's HygieneX,Pest Control,Indore,"Plot 789, Station Road Nagar, Indore - 652575",+91-9692740734,Justdial,2026-04-16T05:01:12.927850
New Joshi Catering Co.,Caterer,Visakhapatnam,"Plot 224, Station Road Lane, Visakhapatnam - 924047",+91-8736203891,IndiaMART,2026-04-17T17:01:12.927862
Sri Nair Bites,Restaurant,Pune,"Plot 931, Hadapsar Road, Pune - 695432",+91-9699001646,TradeIndia,2026-03-29T22:01:12.927874
Sri Das Event Management,Event Planner,Chandigarh,"Plot 490, Main Area Road, Chandigarh - 369967",+91-8776581392,Google Maps,2026-04-06T17:01:12.927886
New Patil Design Studio,Interior Designer,Bhopal,"Plot 319, Main Area Nagar, Bhopal - 967605",+91-9608806550,Sulekha,2026-02-18T19:01:12.927897
Sri Patel Tech Solutions,Web Developer,Nagpur,"Plot 2, Main Area Colony, Nagpur - 454594",+91-9156380831,Justdial,2026-04-02T16:01:12.927909
New Pillai Pest Solutions,Pest Control,Hyderabad,"Plot 352, Banjara Hills Street, Hyderabad - 658173",+91-8844969222,Google Maps,2026-05-03T09:01:12.927920
Manoj's Dhaba,Restaurant,Noida,"Plot 860, Main Area Road, Noida - 724634",+91-9706560112,TradeIndia,2026-04-22T05:01:12.927932
Royal Makeover Studio,Salon,Kochi,"Plot 54, Central Marg, Kochi - 479231",+91-9387984924,Google Maps,2026-05-10T23:01:12.927943
Amit's & Advocates,Lawyer,Chandigarh,"Plot 394, Main Area Lane, Chandigarh - 153704",+91-8767554819,IndiaMART,2026-05-01T13:01:12.927955
Sri Shah Hospital,Doctor,Coimbatore,"Plot 583, Station Road Lane, Coimbatore - 298434",+91-9066166795,Sulekha,2026-03-12T05:01:12.927967
Anjali Kumar Motors,Car Repair,Chennai,"Plot 776, Mylapore Street, Chennai - 919789",+91-9860561375,IndiaMART,2026-04-19T08:01:12.927978
New Rao Coaching Center,Tutor,Jaipur,"Plot 476, Tonk Road Enclave, Jaipur - 398440",+91-8781498442,Google Maps,2026-04-01T19:01:12.927989
New Patil Dining,Restaurant,Indore,"Plot 538, Main Area Nagar, Indore - 352145",+91-9565325528,Justdial,2026-03-11T23:01:12.928001
Sunita's Design Studio,Interior Designer,Vadodara,"Plot 463, Central Lane, Vadodara - 803858",+91-9762481735,TradeIndia,2026-04-24T15:01:12.928014
Royal Logistics,Courier Service,Surat,"Plot 117, Main Area Road, Surat - 343520",+91-9790772176,TradeIndia,2026-04-30T00:01:12.928027
Royal Plumbing Services,Plumber,Kolkata,"Plot 753, Howrah Enclave, Kolkata - 757030",+91-9642542377,Google Maps,2026-03-18T11:01:12.928039
Sharma Plumbing Works,Plumber,Vadodara,"Plot 244, Station Road Marg, Vadodara - 648384",+91-9670236958,Justdial,2026-03-26T22:01:12.928050
Divya Agarwal Learning Hub,Tutor,Surat,"Plot 167, Main Area Lane, Surat - 587359",+91-9609111835,TradeIndia,2026-05-05T14:01:12.928063
Desai Legal Associates,Lawyer,Jaipur,"Plot 770, Vaishali Nagar Marg, Jaipur - 168210",+91-9803476946,Sulekha,2026-05-10T19:01:12.928074
Royal Motors,Car Repair,Kolkata,"Plot 348, Howrah Road, Kolkata - 327847",+91-9129003608,Justdial,2026-03-05T14:01:12.928091
Rahul Iyer Gadget Fix,Electronics Repair,Hyderabad,"Plot 159, Ameerpet Street, Hyderabad - 655467",+91-9431193501,TradeIndia,2026-04-04T14:01:12.928103
Suresh's Photography,Photographer,Delhi,"Plot 862, Karol Bagh Road, Delhi - 717212",+91-9547898843,IndiaMART,2026-04-06T07:01:12.928116
Kavita's Garage,Car Repair,Kochi,"Plot 627, Central Marg, Kochi - 664639",+91-9688191994,Justdial,2026-02-15T06:01:12.928128
Royal Legal Associates,Lawyer,Noida,"Plot 554, Station Road Enclave, Noida - 646613",+91-9664250501,Sulekha,2026-02-15T10:01:12.928140
Sharma Beauty Salon,Salon,Chennai,"Plot 729, Velachery Lane, Chennai - 898939",+91-9163582502,Justdial,2026-03-01T05:01:12.928151
New Joshi Clicks,Photographer,Kochi,"Plot 81, Central Enclave, Kochi - 924366",+91-9342224533,Justdial,2026-04-21T01:01:12.928163
New Pillai Dental Care,Dentist,Bhopal,"Plot 568, Station Road Road, Bhopal - 814918",+91-9166527983,Sulekha,2026-05-07T04:01:12.928174
New Bhat Photo Works,Photographer,Lucknow,"Plot 951, Hazratganj Nagar, Lucknow - 279422",+91-9066833544,Justdial,2026-03-06T23:01:12.928186
New Menon Gym & Spa,Gym,Hyderabad,"Plot 571, Ameerpet Street, Hyderabad - 437223",+91-9799145324,Google Maps,2026-03-20T18:01:12.928199
Anita's Decor House,Interior Designer,Bhopal,"Plot 91, Station Road Colony, Bhopal - 980655",+91-8868778645,Justdial,2026-03-15T16:01:12.928217
Patel Interiors,Interior Designer,Visakhapatnam,"Plot 113, Main Area Enclave, Visakhapatnam - 916010",+91-9560629747,TradeIndia,2026-02-19T21:01:12.928243
Sri Iyer Courier Services,Courier Service,Surat,"Plot 101, Main Area Nagar, Surat - 660389",+91-9047975176,TradeIndia,2026-03-07T00:01:12.928256
Royal Health Club,Gym,Kolkata,"Plot 936, Salt Lake Lane, Kolkata - 624603",+91-7036418892,Google Maps,2026-05-12T05:01:12.928268
Amit's Plumbing Services,Plumber,Surat,"Plot 803, Main Area Nagar, Surat - 530407",+91-8885960406,IndiaMART,2026-03-14T07:01:12.928280
Royal Celebrations,Event Planner,Delhi,"Plot 437, Rohini Enclave, Delhi - 795422",+91-8723625761,Google Maps,2026-03-26T14:01:12.928291
Das Interiors,Interior Designer,Coimbatore,"Plot 723, Central Lane, Coimbatore - 266199",+91-9587465485,Justdial,2026-04-29T04:01:12.928302
Royal Pest Solutions,Pest Control,Bhopal,"Plot 81, Central Lane, Bhopal - 960553",+91-9771386928,Google Maps,2026-05-10T04:01:12.928313
Royal Hospital,Doctor,Nagpur,"Plot 464, Main Area Colony, Nagpur - 592428",+91-9120280468,Sulekha,2026-02-25T21:01:12.928324
Anita's Food Services,Caterer,Mumbai,"Plot 514, Malad Colony, Mumbai - 329558",+91-8854418601,Justdial,2026-03-10T21:01:12.928341
Gupta & Associates,CA/Accountant,Nagpur,"Plot 762, Central Road, Nagpur - 576847",+91-8883132049,Sulekha,2026-04-17T21:01:12.928354
Royal Digital Studio,Web Developer,Delhi,"Plot 371, Karol Bagh Street, Delhi - 776322",+91-8731611074,Justdial,2026-03-17T23:01:12.928366
Royal Beauty Salon,Salon,Hyderabad,"Plot 31, Banjara Hills Colony, Hyderabad - 299444",+91-9899409937,Justdial,2026-03-23T12:01:12.928377
Manoj Desai Classes,Tutor,Bangalore,"Plot 986, Whitefield Lane, Bangalore - 763150",+91-7062411111,Google Maps,2026-05-07T01:01:12.928389
Sri Nair Fit Zone,Gym,Ahmedabad,"Plot 4, Vastrapur Colony, Ahmedabad - 719862",+91-9423255412,IndiaMART,2026-03-17T06:01:12.928401
Anita Das Dental Clinic,Dentist,Jaipur,"Plot 324, C Scheme Marg, Jaipur - 615456",+91-9788266569,Justdial,2026-04-04T15:01:12.928412
Royal Spa,Salon,Indore,"Plot 541, Station Road Colony, Indore - 332044",+91-9776256735,IndiaMART,2026-02-12T16:01:12.928424
Shah Smile Studio,Dentist,Noida,"Plot 779, Central Marg, Noida - 417406",+91-9661947398,Sulekha,2026-02-21T12:01:12.928436
Royal Design Studio,Interior Designer,Pune,"Plot 712, Viman Nagar Street, Pune - 289739",+91-7060942404,Google Maps,2026-02-26T00:01:12.928449
Raj Mishra HygieneX,Pest Control,Kochi,"Plot 404, Main Area Road, Kochi - 900533",+91-9783295402,Google Maps,2026-02-14T12:01:12.928461
Bhat Courier Services,Courier Service,Mumbai,"Plot 858, Andheri Colony, Mumbai - 957103",+91-7040336510,Justdial,2026-05-03T14:01:12.928472
Sri Pillai Legal Associates,Lawyer,Visakhapatnam,"Plot 648, Main Area Colony, Visakhapatnam - 796958",+91-9586515170,Google Maps,2026-05-01T00:01:12.928484
Sunita's Plumbing Services,Plumber,Kolkata,"Plot 813, Salt Lake Marg, Kolkata - 363361",+91-9483297734,TradeIndia,2026-02-22T02:01:12.928496
Nikhil's Digital Studio,Web Developer,Visakhapatnam,"Plot 32, Station Road Enclave, Visakhapatnam - 816721",+91-9169876242,IndiaMART,2026-05-07T00:01:12.928510
Agarwal Auto Works,Car Repair,Delhi,"Plot 197, Dwarka Colony, Delhi - 261705",+91-9886546765,TradeIndia,2026-02-23T07:01:12.928523
New Iyer Studio,Photographer,Lucknow,"Plot 883, Aliganj Road, Lucknow - 915431",+91-9555339518,TradeIndia,2026-05-06T10:01:12.928535
Royal Tech Solutions,Web Developer,Jaipur,"Plot 95, Mansarovar Road, Jaipur - 909444",+91-8809611157,IndiaMART,2026-02-27T10:01:12.928547
Pooja Mehta Makeover Studio,Salon,Bangalore,"Plot 734, JP Nagar Lane, Bangalore - 739980",+91-9705359281,Sulekha,2026-04-06T08:01:12.928560
Neha Patel IT Services,Web Developer,Hyderabad,"Plot 86, Ameerpet Nagar, Hyderabad - 266625",+91-7057694554,TradeIndia,2026-03-05T07:01:12.928573
New Singh Dental Clinic,Dentist,Vadodara,"Plot 913, Main Area Street, Vadodara - 105073",+91-9686048418,Google Maps,2026-04-03T04:01:12.928585
Singh Gym & Spa,Gym,Jaipur,"Plot 241, Mansarovar Road, Jaipur - 183976",+91-9601883287,Google Maps,2026-05-01T15:01:12.928600
Sri Rao Digital Studio,Web Developer,Surat,"Plot 144, Station Road Nagar, Surat - 949800",+91-7024089120,Justdial,2026-04-07T22:01:12.928613
Royal Health Club,Gym,Bhopal,"Plot 22, Station Road Colony, Bhopal - 856674",+91-7023750596,Justdial,2026-04-22T03:01:12.928625
Sri Chauhan Plumbing Services,Plumber,Lucknow,"Plot 462, Aminabad Colony, Lucknow - 875088",+91-9632572019,Google Maps,2026-03-15T10:01:12.928639
Vikram Desai Cafe,Restaurant,Noida,"Plot 275, Central Enclave, Noida - 304248",+91-9381241398,IndiaMART,2026-05-02T12:01:12.928652
Royal Plumbing Works,Plumber,Noida,"Plot 874, Central Enclave, Noida - 329961",+91-9478842534,Google Maps,2026-04-21T22:01:12.928664
Anjali Bhat Fitness Center,Gym,Indore,"Plot 130, Central Nagar, Indore - 293167",+91-9834819451,Google Maps,2026-04-19T07:01:12.928676
Meera's Dental Care,Dentist,Chennai,"Plot 820, Mylapore Nagar, Chennai - 220727",+91-8816718473,Google Maps,2026-05-05T21:01:12.928688
New Pillai Studio,Photographer,Chennai,"Plot 638, T Nagar Colony, Chennai - 455508",+91-8770308815,Justdial,2026-03-03T02:01:12.928703
Deepak's Foods,Restaurant,Vadodara,"Plot 796, Station Road Colony, Vadodara - 342979",+91-8830821982,Sulekha,2026-04-24T09:01:12.928717
Agarwal Studio,Photographer,Mumbai,"Plot 872, Bandra Road, Mumbai - 480779",+91-9447329965,Google Maps,2026-05-06T08:01:12.928730
Sri Singh Law Firm,Lawyer,Nagpur,"Plot 232, Central Road, Nagpur - 834927",+91-9739592017,TradeIndia,2026-04-10T16:01:12.928749
Sri Patel Homes,Real Estate Agent,Bhopal,"Plot 602, Central Colony, Bhopal - 453889",+91-9761315878,IndiaMART,2026-03-19T21:01:12.928770
Royal Electricals,Electrician,Ahmedabad,"Plot 751, Navrangpura Colony, Ahmedabad - 911288",+91-9563582229,TradeIndia,2026-03-16T10:01:12.928784
Divya's Design Studio,Interior Designer,Vadodara,"Plot 127, Main Area Nagar, Vadodara - 609847",+91-9364475602,Sulekha,2026-03-24T15:01:12.928797
New Mehta & Advocates,Lawyer,Lucknow,"Plot 540, Hazratganj Road, Lucknow - 479097",+91-9194930278,Sulekha,2026-03-23T17:01:12.928810
New Agarwal Tax Consultants,CA/Accountant,Nagpur,"Plot 568, Central Marg, Nagpur - 850145",+91-9357653005,Sulekha,2026-04-16T13:01:12.928823
Sri Iyer Dining,Restaurant,Indore,"Plot 776, Station Road Nagar, Indore - 327880",+91-8849569926,IndiaMART,2026-03-29T10:01:12.928836
Sharma Garage,Car Repair,Mumbai,"Plot 32, Andheri Colony, Mumbai - 987885",+91-7063203358,IndiaMART,2026-03-01T00:01:12.928847
New Gupta Auto Works,Car Repair,Surat,"Plot 365, Central Road, Surat - 738693",+91-9868265560,IndiaMART,2026-02-17T08:01:12.928860
Patil Coaching Center,Tutor,Coimbatore,"Plot 904, Central Enclave, Coimbatore - 399648",+91-9585324277,Justdial,2026-03-26T20:01:12.928872
Royal Events,Event Planner,Surat,"Plot 345, Central Street, Surat - 471542",+91-9103601138,Google Maps,2026-03-18T13:01:12.928887
Sri Singh Logistics,Courier Service,Pune,"Plot 706, Hadapsar Marg, Pune - 552104",+91-9003516054,Sulekha,2026-04-04T23:01:12.928899
New Kumar Catering Co.,Caterer,Coimbatore,"Plot 79, Central Marg, Coimbatore - 668563",+91-7074233366,IndiaMART,2026-04-18T18:01:12.928910
Mishra Legal Associates,Lawyer,Pune,"Plot 222, Kothrud Nagar, Pune - 456598",+91-9151007953,Sulekha,2026-05-12T22:01:12.928922
New Nair Logistics,Courier Service,Bhopal,"Plot 974, Station Road Nagar, Bhopal - 937859",+91-9132700141,TradeIndia,2026-04-08T06:01:12.928936
Rao IT Services,Web Developer,Chandigarh,"Plot 843, Station Road Marg, Chandigarh - 615027",+91-9158253270,TradeIndia,2026-03-05T13:01:12.928947
Royal Electronics,Electronics Repair,Indore,"Plot 746, Central Road, Indore - 656776",+91-9883358294,Sulekha,2026-05-10T21:01:12.928962
Royal Health Center,Doctor,Bhopal,"Plot 13, Station Road Marg, Bhopal - 876146",+91-9771500252,Google Maps,2026-04-30T09:01:12.928977
New Agarwal Clinic,Doctor,Indore,"Plot 51, Main Area Street, Indore - 500696",+91-9459923505,IndiaMART,2026-04-12T09:01:12.928989
Mishra Catering Co.,Caterer,Surat,"Plot 915, Central Street, Surat - 941187",+91-9129309144,Google Maps,2026-04-01T20:01:12.929001
New Reddy Interiors,Interior Designer,Kochi,"Plot 287, Main Area Street, Kochi - 885056",+91-9538433576,Justdial,2026-03-10T18:01:12.929014
Sri Rao & Associates,CA/Accountant,Kolkata,"Plot 228, New Town Nagar, Kolkata - 449849",+91-8759971624,Google Maps,2026-04-28T13:01:12.929026
New Iyer Health Center,Doctor,Indore,"Plot 18, Station Road Marg, Indore - 616138",+91-8895714404,TradeIndia,2026-03-16T18:01:12.929039
Nikhil's Dhaba,Restaurant,Nagpur,"Plot 724, Central Colony, Nagpur - 860884",+91-9160160216,TradeIndia,2026-03-26T17:01:12.929051
Sunita's Learning Hub,Tutor,Jaipur,"Plot 606, C Scheme Colony, Jaipur - 837993",+91-7014246442,IndiaMART,2026-05-11T09:01:12.929063
Patil Design Studio,Interior Designer,Delhi,"Plot 568, Rohini Enclave, Delhi - 714972",+91-9708784335,Sulekha,2026-03-09T15:01:12.929076
Royal Photography,Photographer,Jaipur,"Plot 325, Tonk Road Nagar, Jaipur - 290886",+91-8872867425,Justdial,2026-03-20T04:01:12.929089
Agarwal Dental Clinic,Dentist,Lucknow,"Plot 884, Aminabad Colony, Lucknow - 697250",+91-9131385694,IndiaMART,2026-03-15T01:01:12.929111
Manoj Rao Photography,Photographer,Bhopal,"Plot 40, Station Road Street, Bhopal - 392305",+91-9772412532,Justdial,2026-03-22T18:01:12.929134
Royal Studio,Photographer,Visakhapatnam,"Plot 937, Central Marg, Visakhapatnam - 673167",+91-9117146048,IndiaMART,2026-04-22T05:01:12.929158
Desai Smile Studio,Dentist,Vadodara,"Plot 468, Station Road Road, Vadodara - 181643",+91-9361094263,Sulekha,2026-05-08T01:01:12.929175
Mehta Health Club,Gym,Jaipur,"Plot 342, Tonk Road Nagar, Jaipur - 487777",+91-8790067479,Sulekha,2026-03-16T06:01:12.929188
Neha Shah Logistics,Courier Service,Coimbatore,"Plot 980, Station Road Street, Coimbatore - 535140",+91-9070754846,TradeIndia,2026-03-20T07:01:12.929200
Royal HygieneX,Pest Control,Lucknow,"Plot 321, Aminabad Lane, Lucknow - 372417",+91-8868508210,TradeIndia,2026-03-07T01:01:12.929212
Ravi Chauhan Smile Studio,Dentist,Jaipur,"Plot 653, Malviya Nagar Enclave, Jaipur - 259957",+91-8806290581,Google Maps,2026-03-01T02:01:12.929227
Manoj Verma Interiors,Interior Designer,Visakhapatnam,"Plot 581, Central Enclave, Visakhapatnam - 467681",+91-8883555737,TradeIndia,2026-04-04T17:01:12.929240
Neha Mishra Beauty Salon,Salon,Noida,"Plot 54, Station Road Nagar, Noida - 905809",+91-9685187631,IndiaMART,2026-03-18T07:01:12.929254
Joshi Kitchen,Restaurant,Surat,"Plot 516, Central Marg, Surat - 267627",+91-8830553805,TradeIndia,2026-04-29T16:01:12.929273
Ravi's Plumbing Services,Plumber,Bhopal,"Plot 888, Main Area Road, Bhopal - 356846",+91-7075341913,TradeIndia,2026-03-24T23:01:12.929298
Vikram's Photo Works,Photographer,Chandigarh,"Plot 310, Central Street, Chandigarh - 820548",+91-9131535793,Sulekha,2026-04-12T06:01:12.929311
Royal Smile Studio,Dentist,Vadodara,"Plot 176, Station Road Road, Vadodara - 910303",+91-9741932367,Google Maps,2026-04-08T01:01:12.929323
Sharma Bites,Restaurant,Kolkata,"Plot 671, Gariahat Street, Kolkata - 847088",+91-9399191153,IndiaMART,2026-04-04T08:01:12.929335
Patel Food Services,Caterer,Bhopal,"Plot 491, Central Street, Bhopal - 269496",+91-8845610517,IndiaMART,2026-03-29T20:01:12.929378
Sri Sharma Classes,Tutor,Chandigarh,"Plot 814, Station Road Street, Chandigarh - 329186",+91-9505655212,TradeIndia,2026-03-15T07:01:12.929394
Sri Rao Hair Studio,Salon,Bhopal,"Plot 665, Station Road Street, Bhopal - 146728",+91-9380890230,Sulekha,2026-04-21T03:01:12.929406
Amit's Spa,Salon,Bangalore,"Plot 370, HSR Layout Marg, Bangalore - 887538",+91-9514127936,Sulekha,2026-03-10T10:01:12.929419
Sri Iyer Tech Repair,Electronics Repair,Kolkata,"Plot 580, Howrah Road, Kolkata - 372254",+91-9470974474,Google Maps,2026-03-02T11:01:12.929432
Kumar & Advocates,Lawyer,Kolkata,"Plot 736, New Town Road, Kolkata - 534779",+91-8792215224,Sulekha,2026-02-20T00:01:12.929446
Arun's Dental Clinic,Dentist,Kolkata,"Plot 436, New Town Lane, Kolkata - 630935",+91-9071193666,Sulekha,2026-04-16T13:01:12.929458
Raj Mehta Beauty Salon,Salon,Surat,"Plot 558, Station Road Colony, Surat - 411930",+91-9824144269,Google Maps,2026-04-23T05:01:12.929470
Amit's HygieneX,Pest Control,Coimbatore,"Plot 727, Central Enclave, Coimbatore - 985807",+91-9588369339,IndiaMART,2026-04-08T11:01:12.929485
Anjali Bhat Dental Care,Dentist,Visakhapatnam,"Plot 176, Main Area Marg, Visakhapatnam - 771100",+91-9094105952,Sulekha,2026-03-16T00:01:12.929499
Kavita's Dental Care,Dentist,Chandigarh,"Plot 284, Central Road, Chandigarh - 138200",+91-9705715285,IndiaMART,2026-04-02T20:01:12.929511
Anjali Menon Interiors,Interior Designer,Chandigarh,"Plot 131, Main Area Street, Chandigarh - 237645",+91-9312180899,IndiaMART,2026-02-18T10:01:12.929523
Iyer Dental Clinic,Dentist,Bhopal,"Plot 765, Main Area Marg, Bhopal - 635881",+91-8805534017,Sulekha,2026-05-02T15:01:12.929535
Verma Pipe Solutions,Plumber,Vadodara,"Plot 191, Main Area Nagar, Vadodara - 206956",+91-9508864373,TradeIndia,2026-03-17T23:01:12.929549
Priya's Legal Associates,Lawyer,Nagpur,"Plot 574, Station Road Road, Nagpur - 461464",+91-9626646029,Justdial,2026-03-15T10:01:12.929560
New Shah Courier Services,Courier Service,Delhi,"Plot 510, Connaught Place Colony, Delhi - 996919",+91-9618100687,Sulekha,2026-03-05T16:01:12.929572
Chauhan Events,Event Planner,Mumbai,"Plot 361, Dadar Street, Mumbai - 971352",+91-9696192513,IndiaMART,2026-04-26T19:01:12.929584
New Kulkarni Car Care,Car Repair,Hyderabad,"Plot 222, Gachibowli Marg, Hyderabad - 939828",+91-9559564105,TradeIndia,2026-02-15T09:01:12.929595
New Patil Celebrations,Event Planner,Kolkata,"Plot 417, Howrah Road, Kolkata - 957151",+91-9896418548,Google Maps,2026-04-13T00:01:12.929613
Sri Verma Real Estate,Real Estate Agent,Lucknow,"Plot 997, Aliganj Nagar, Lucknow - 939877",+91-9857578604,TradeIndia,2026-02-20T21:01:12.929625
Sri Menon Gym & Spa,Gym,Mumbai,"Plot 485, Andheri Road, Mumbai - 860844",+91-8754157884,Justdial,2026-04-17T05:01:12.929637
Nair Realty,Real Estate Agent,Chennai,"Plot 376, Anna Nagar Road, Chennai - 500689",+91-9404071316,TradeIndia,2026-02-26T11:01:12.929649
New Kulkarni Cafe,Restaurant,Indore,"Plot 207, Main Area Lane, Indore - 500491",+91-9654678749,Sulekha,2026-02-18T11:01:12.929661
Sri Mehta Express,Courier Service,Bangalore,"Plot 361, Indiranagar Nagar, Bangalore - 160282",+91-9048289036,Sulekha,2026-03-27T06:01:12.929672
Meera Bhat Health Club,Gym,Chennai,"Plot 491, T Nagar Road, Chennai - 186032",+91-9504654603,Justdial,2026-05-01T10:01:12.929688
Priya's Bites,Restaurant,Chennai,"Plot 531, Anna Nagar Colony, Chennai - 513880",+91-8832357502,TradeIndia,2026-04-28T10:01:12.929700
Sri Joshi Classes,Tutor,Bangalore,"Plot 140, Whitefield Lane, Bangalore - 172328",+91-9798658547,Sulekha,2026-03-13T02:01:12.929712
Sanjay's Accounting Firm,CA/Accountant,Lucknow,"Plot 639, Aminabad Street, Lucknow - 959902",+91-9729073052,Sulekha,2026-04-01T01:01:12.929724
Sri Iyer Auto Works,Car Repair,Kochi,"Plot 578, Central Colony, Kochi - 381779",+91-9158577593,TradeIndia,2026-03-24T03:01:12.929736
New Gupta Pest Solutions,Pest Control,Visakhapatnam,"Plot 49, Central Road, Visakhapatnam - 366738",+91-7052064629,TradeIndia,2026-04-23T08:01:12.929748
Sri Verma Gym & Spa,Gym,Lucknow,"Plot 232, Indira Nagar Enclave, Lucknow - 371462",+91-9651178340,Justdial,2026-03-27T13:01:12.929761
Sanjay Rao Gym & Spa,Gym,Indore,"Plot 209, Main Area Road, Indore - 775155",+91-9028982919,TradeIndia,2026-03-18T16:01:12.929777
Sri Desai Tax Consultants,CA/Accountant,Lucknow,"Plot 317, Aliganj Street, Lucknow - 511714",+91-9127421253,Sulekha,2026-02-18T06:01:12.929790
Kavita Gupta Law Firm,Lawyer,Kolkata,"Plot 619, Salt Lake Enclave, Kolkata - 884462",+91-9653353837,IndiaMART,2026-03-03T01:01:12.929815
Arun's Hair Studio,Salon,Visakhapatnam,"Plot 790, Station Road Colony, Visakhapatnam - 199830",+91-9779497694,IndiaMART,2026-03-09T08:01:12.929833
Nikhil Joshi Classes,Tutor,Delhi,"Plot 462, Karol Bagh Enclave, Delhi - 336034",+91-9083920646,Justdial,2026-02-27T02:01:12.929845
New Reddy Digital Studio,Web Developer,Noida,"Plot 362, Station Road Marg, Noida - 135312",+91-9894030404,Google Maps,2026-03-04T13:01:12.929857
Sanjay's Plumbing Works,Plumber,Vadodara,"Plot 968, Station Road Lane, Vadodara - 990410",+91-9407375942,Sulekha,2026-03-31T16:01:12.929869
Rahul's Events,Event Planner,Coimbatore,"Plot 753, Central Nagar, Coimbatore - 216974",+91-8838970078,Justdial,2026-05-04T01:01:12.929881
Suresh Kumar Gym & Spa,Gym,Vadodara,"Plot 380, Central Enclave, Vadodara - 766840",+91-9738460975,IndiaMART,2026-02-21T19:01:12.929894
Gupta Plumbing Works,Plumber,Chandigarh,"Plot 806, Main Area Colony, Chandigarh - 890254",+91-9043722862,Justdial,2026-04-04T04:01:12.929905
Sri Kulkarni Plumbing Works,Plumber,Lucknow,"Plot 410, Indira Nagar Marg, Lucknow - 815129",+91-9473830447,IndiaMART,2026-04-20T09:01:12.929917
Iyer & Associates,CA/Accountant,Bhopal,"Plot 146, Station Road Nagar, Bhopal - 112449",+91-9197657079,IndiaMART,2026-04-21T15:01:12.929929
Suresh Gupta Events,Event Planner,Jaipur,"Plot 231, C Scheme Lane, Jaipur - 594796",+91-8729945124,Justdial,2026-05-01T19:01:12.929941
Sri Mehta Power Solutions,Electrician,Noida,"Plot 424, Main Area Enclave, Noida - 148408",+91-8758227083,TradeIndia,2026-03-12T20:01:12.929953
Pooja Shah Caterers,Caterer,Kolkata,"Plot 805, New Town Enclave, Kolkata - 434894",+91-8813030116,Sulekha,2026-04-03T18:01:12.929965
Arun's & Advocates,Lawyer,Indore,"Plot 372, Main Area Enclave, Indore - 851341",+91-8761409722,TradeIndia,2026-04-08T21:01:12.929976
Bhat HygieneX,Pest Control,Coimbatore,"Plot 363, Central Colony, Coimbatore - 128959",+91-9884880711,Justdial,2026-04-17T22:01:12.929990
Menon Smile Studio,Dentist,Ahmedabad,"Plot 240, SG Highway Road, Ahmedabad - 906003",+91-9319964764,TradeIndia,2026-03-22T00:01:12.930002
Sunita Patil Digital Studio,Web Developer,Chandigarh,"Plot 700, Central Colony, Chandigarh - 874671",+91-9765927316,Justdial,2026-03-25T12:01:12.930015
Royal Auto Works,Car Repair,Lucknow,"Plot 834, Aliganj Road, Lucknow - 561266",+91-9026114795,Google Maps,2026-03-11T16:01:12.930027
Royal & Advocates,Lawyer,Bangalore,"Plot 108, Indiranagar Nagar, Bangalore - 885476",+91-8861283162,Google Maps,2026-05-01T01:01:12.930039
Swati's Electricals,Electrician,Mumbai,"Plot 872, Andheri Street, Mumbai - 988084",+91-9742931224,IndiaMART,2026-04-18T04:01:12.930052
Iyer Logistics,Courier Service,Chandigarh,"Plot 196, Station Road Colony, Chandigarh - 992953",+91-9829360815,Sulekha,2026-02-26T02:01:12.930067
Royal Medical Center,Doctor,Noida,"Plot 156, Station Road Colony, Noida - 736517",+91-9405995471,Google Maps,2026-03-11T03:01:12.930079
Nikhil Gupta Law Firm,Lawyer,Delhi,"Plot 722, Lajpat Nagar Road, Delhi - 666467",+91-7044833145,Google Maps,2026-04-08T22:01:12.930090
Priya's Clinic,Doctor,Lucknow,"Plot 739, Aminabad Nagar, Lucknow - 942954",+91-8843538769,Sulekha,2026-03-09T08:01:12.930102
Rao Courier Services,Courier Service,Kochi,"Plot 587, Station Road Nagar, Kochi - 622543",+91-9034804810,IndiaMART,2026-02-15T12:01:12.930114
Royal Smile Studio,Dentist,Kochi,"Plot 13, Central Lane, Kochi - 290541",+91-9167007344,Sulekha,2026-04-06T22:01:12.930126
Agarwal HygieneX,Pest Control,Surat,"Plot 933, Main Area Colony, Surat - 142609",+91-8857917453,Sulekha,2026-03-07T05:01:12.930138
Royal Cafe,Restaurant,Noida,"Plot 122, Main Area Enclave, Noida - 818962",+91-9816219117,IndiaMART,2026-05-13T00:01:12.930152
Suresh Bhat Logistics,Courier Service,Vadodara,"Plot 866, Central Colony, Vadodara - 427794",+91-9090899893,IndiaMART,2026-05-07T20:01:12.930164
Anita's HygieneX,Pest Control,Vadodara,"Plot 336, Station Road Road, Vadodara - 541733",+91-9365420816,Google Maps,2026-05-07T14:01:12.930176
Royal Coaching Center,Tutor,Bangalore,"Plot 494, HSR Layout Marg, Bangalore - 813021",+91-9386498646,TradeIndia,2026-04-07T15:01:12.930188
Royal Decor House,Interior Designer,Mumbai,"Plot 439, Juhu Road, Mumbai - 367663",+91-9345105618,Google Maps,2026-04-22T15:01:12.930200
New Singh Express,Courier Service,Hyderabad,"Plot 657, Madhapur Street, Hyderabad - 636923",+91-9021987874,IndiaMART,2026-03-27T13:01:12.930212
New Bhat Smile Studio,Dentist,Kolkata,"Plot 295, Park Street Nagar, Kolkata - 512861",+91-9581825416,Justdial,2026-05-06T21:01:12.930224
Meera Singh Catering Co.,Caterer,Chandigarh,"Plot 538, Station Road Lane, Chandigarh - 402578",+91-9368438793,Sulekha,2026-04-20T18:01:12.930235
Royal Smile Studio,Dentist,Nagpur,"Plot 93, Central Nagar, Nagpur - 957747",+91-7029076830,Google Maps,2026-03-19T20:01:12.930247
Meera's Fitness Center,Gym,Visakhapatnam,"Plot 194, Central Nagar, Visakhapatnam - 914484",+91-9129907343,Justdial,2026-04-04T07:01:12.930259
New Sharma Logistics,Courier Service,Jaipur,"Plot 186, C Scheme Enclave, Jaipur - 945578",+91-9666245181,IndiaMART,2026-05-05T15:01:12.930271
Nikhil's Celebrations,Event Planner,Chennai,"Plot 238, Mylapore Nagar, Chennai - 804309",+91-9587302527,TradeIndia,2026-02-13T15:01:12.930284
Raj Patil Medical Center,Doctor,Kolkata,"Plot 190, Howrah Colony, Kolkata - 776486",+91-9128168550,Justdial,2026-03-23T09:01:12.930297
Krishna Singh Homes,Real Estate Agent,Surat,"Plot 314, Station Road Street, Surat - 327935",+91-9896084123,IndiaMART,2026-04-05T20:01:12.930309
Rahul Sharma Celebrations,Event Planner,Indore,"Plot 76, Central Road, Indore - 608307",+91-9855705285,Sulekha,2026-03-06T19:01:12.930326
Amit's Photography,Photographer,Kochi,"Plot 125, Central Road, Kochi - 381367",+91-9112111930,Sulekha,2026-04-12T09:01:12.930346
Royal Tech Solutions,Web Developer,Chennai,"Plot 516, Velachery Nagar, Chennai - 290676",+91-7058723979,IndiaMART,2026-04-08T16:01:12.930358
New Kulkarni Tax Consultants,CA/Accountant,Noida,"Plot 123, Main Area Marg, Noida - 582670",+91-9639268539,TradeIndia,2026-04-23T00:01:12.930370
Pooja's Courier Services,Courier Service,Kochi,"Plot 790, Central Nagar, Kochi - 252681",+91-9032966238,Google Maps,2026-03-05T00:01:12.930385
New Mishra Electronics,Electronics Repair,Jaipur,"Plot 329, Tonk Road Nagar, Jaipur - 551853",+91-8772843594,TradeIndia,2026-03-09T10:01:12.930396
Neha's Gadget Fix,Electronics Repair,Ahmedabad,"Plot 825, Satellite Lane, Ahmedabad - 282328",+91-9791635661,Google Maps,2026-03-11T05:01:12.930408
Shah Celebrations,Event Planner,Delhi,"Plot 74, Dwarka Road, Delhi - 401288",+91-9312201141,Google Maps,2026-04-05T12:01:12.930420
Rekha Pillai Tech Repair,Electronics Repair,Jaipur,"Plot 11, Vaishali Nagar Enclave, Jaipur - 667914",+91-9704398482,Sulekha,2026-02-17T12:01:12.930432
Raj's Fit Zone,Gym,Mumbai,"Plot 115, Powai Marg, Mumbai - 743497",+91-8779049862,TradeIndia,2026-03-28T21:01:12.930443
Royal Coaching Center,Tutor,Vadodara,"Plot 133, Main Area Nagar, Vadodara - 984838",+91-9152001724,Google Maps,2026-02-11T22:01:12.930455
Krishna Agarwal Decor House,Interior Designer,Jaipur,"Plot 870, Vaishali Nagar Enclave, Jaipur - 740699",+91-8871465375,IndiaMART,2026-05-10T21:01:12.930466
Ashok's Learning Hub,Tutor,Noida,"Plot 647, Station Road Nagar, Noida - 293135",+91-9790124650,IndiaMART,2026-02-21T16:01:12.930478
Royal Properties,Real Estate Agent,Chandigarh,"Plot 396, Main Area Colony, Chandigarh - 492001",+91-9654368258,Justdial,2026-03-01T15:01:12.930489
Amit's Academy,Tutor,Surat,"Plot 95, Central Lane, Surat - 429004",+91-8797413615,IndiaMART,2026-04-27T12:01:12.930500
Neha's Plumbing Works,Plumber,Lucknow,"Plot 292, Hazratganj Enclave, Lucknow - 453576",+91-9052389992,Google Maps,2026-03-28T05:01:12.930512
Royal Realty,Real Estate Agent,Lucknow,"Plot 538, Aminabad Lane, Lucknow - 935931",+91-9879041825,Sulekha,2026-04-18T00:01:12.930524
Sri Joshi Studio,Photographer,Vadodara,"Plot 855, Main Area Lane, Vadodara - 695534",+91-9042334255,Google Maps,2026-04-05T13:01:12.930538
Iyer Clicks,Photographer,Coimbatore,"Plot 428, Main Area Lane, Coimbatore - 246111",+91-9013999887,TradeIndia,2026-03-06T06:01:12.930550
Royal Fit Zone,Gym,Kolkata,"Plot 284, Salt Lake Lane, Kolkata - 347636",+91-9055885454,Justdial,2026-02-25T01:01:12.930562
Royal Plumbing Works,Plumber,Kolkata,"Plot 182, New Town Road, Kolkata - 348412",+91-9138712965,Google Maps,2026-03-20T16:01:12.930575
Rahul's Tech Solutions,Web Developer,Pune,"Plot 664, Kothrud Colony, Pune - 694521",+91-9327016875,IndiaMART,2026-05-07T15:01:12.930588
Ashok Kumar Hair Studio,Salon,Kolkata,"Plot 817, Howrah Marg, Kolkata - 755990",+91-9598749543,IndiaMART,2026-03-24T03:01:12.930602
Sri Sharma Pest Solutions,Pest Control,Bangalore,"Plot 152, Indiranagar Nagar, Bangalore - 221317",+91-9006564706,Sulekha,2026-04-09T04:01:12.930620
New Verma Courier Services,Courier Service,Nagpur,"Plot 451, Station Road Nagar, Nagpur - 474731",+91-8871717815,TradeIndia,2026-03-07T10:01:12.930632
Kumar Medical Center,Doctor,Mumbai,"Plot 71, Bandra Lane, Mumbai - 167472",+91-9034144815,Google Maps,2026-04-19T00:01:12.930643
Sri Patil Gym & Spa,Gym,Lucknow,"Plot 40, Hazratganj Street, Lucknow - 564163",+91-9420073238,Sulekha,2026-02-12T07:01:12.930656
Meera's Dhaba,Restaurant,Bhopal,"Plot 635, Central Road, Bhopal - 569483",+91-8756730860,Sulekha,2026-04-12T22:01:12.930669
Sri Agarwal Pest Solutions,Pest Control,Noida,"Plot 756, Station Road Nagar, Noida - 130947",+91-9660358726,IndiaMART,2026-04-08T03:01:12.930681
Royal Event Management,Event Planner,Coimbatore,"Plot 846, Main Area Enclave, Coimbatore - 880633",+91-9513537991,IndiaMART,2026-02-11T22:01:12.930692
Sri Gupta Celebrations,Event Planner,Ahmedabad,"Plot 410, Prahlad Nagar Road, Ahmedabad - 297082",+91-9064976388,Justdial,2026-04-05T15:01:12.930704
New Chauhan Tech Solutions,Web Developer,Mumbai,"Plot 632, Andheri Street, Mumbai - 580563",+91-9811575671,Google Maps,2026-02-13T12:01:12.930716
Sri Mehta Legal Associates,Lawyer,Pune,"Plot 596, Koregaon Park Colony, Pune - 548587",+91-9382331855,Justdial,2026-04-09T13:01:12.930728
Royal Clinic,Doctor,Chandigarh,"Plot 948, Central Street, Chandigarh - 535640",+91-8864506074,Sulekha,2026-04-29T01:01:12.930740
New Singh Accounting Firm,CA/Accountant,Kolkata,"Plot 122, Park Street Colony, Kolkata - 201990",+91-9525787877,IndiaMART,2026-03-15T14:01:12.930753
Anita's Spa,Salon,Mumbai,"Plot 229, Powai Colony, Mumbai - 337393",+91-9031734882,Google Maps,2026-03-05T03:01:12.930765
New Menon Pest Solutions,Pest Control,Noida,"Plot 395, Central Nagar, Noida - 711910",+91-7032944000,Google Maps,2026-02-17T14:01:12.930776
Kulkarni Makeover Studio,Salon,Vadodara,"Plot 295, Central Nagar, Vadodara - 462877",+91-9783515041,Google Maps,2026-03-24T11:01:12.930790
Pillai Clinic,Doctor,Indore,"Plot 794, Station Road Colony, Indore - 441565",+91-8735626181,Justdial,2026-03-30T18:01:12.930801
Priya's Interiors,Interior Designer,Kochi,"Plot 200, Central Road, Kochi - 184676",+91-9107369881,Justdial,2026-03-15T11:01:12.930812
Reddy Food Services,Caterer,Kochi,"Plot 407, Central Colony, Kochi - 800464",+91-9746996444,Google Maps,2026-03-22T13:01:12.930825
Sunita's Logistics,Courier Service,Vadodara,"Plot 202, Main Area Enclave, Vadodara - 808286",+91-8779070008,IndiaMART,2026-04-18T02:01:12.930841
Royal Law Firm,Lawyer,Kolkata,"Plot 82, Gariahat Road, Kolkata - 582300",+91-9412006120,Sulekha,2026-04-10T20:01:12.930863
Gupta Dental Clinic,Dentist,Hyderabad,"Plot 411, Ameerpet Road, Hyderabad - 955628",+91-9821825903,IndiaMART,2026-02-12T01:01:12.930877
Rahul Singh Studio,Photographer,Coimbatore,"Plot 866, Station Road Nagar, Coimbatore - 702880",+91-9669520346,Justdial,2026-04-26T16:01:12.930889
Royal Gym & Spa,Gym,Surat,"Plot 273, Central Road, Surat - 569371",+91-7065067454,Sulekha,2026-04-22T22:01:12.930900
Anjali's Kitchen,Restaurant,Jaipur,"Plot 678, Tonk Road Lane, Jaipur - 306237",+91-9728421578,Sulekha,2026-05-02T01:01:12.930912
Meera Sharma Health Club,Gym,Mumbai,"Plot 674, Powai Marg, Mumbai - 244505",+91-9760866853,Google Maps,2026-04-11T05:01:12.930924
Sri Nair Homes,Real Estate Agent,Chandigarh,"Plot 293, Central Colony, Chandigarh - 719699",+91-9511207382,Google Maps,2026-05-01T20:01:12.930936
Royal Tech Repair,Electronics Repair,Jaipur,"Plot 906, Tonk Road Colony, Jaipur - 241984",+91-9642216851,Justdial,2026-03-02T17:01:12.930947
Anita Pillai Electrical Works,Electrician,Chandigarh,"Plot 787, Main Area Enclave, Chandigarh - 720322",+91-8762916772,Sulekha,2026-03-29T16:01:12.930960
Sri Kumar Law Firm,Lawyer,Pune,"Plot 998, Hadapsar Lane, Pune - 758493",+91-8859723294,Sulekha,2026-02-28T23:01:12.930971
Arun's Design Studio,Interior Designer,Visakhapatnam,"Plot 34, Central Enclave, Visakhapatnam - 263967",+91-9091400579,TradeIndia,2026-03-22T08:01:12.930982
Kavita's Homes,Real Estate Agent,Noida,"Plot 661, Station Road Street, Noida - 784008",+91-9843195470,Justdial,2026-03-24T21:01:12.930994
Rahul Nair Celebrations,Event Planner,Chennai,"Plot 494, Anna Nagar Road, Chennai - 313005",+91-9172588487,Justdial,2026-04-17T03:01:12.931005
Nikhil's Interiors,Interior Designer,Delhi,"Plot 406, Dwarka Road, Delhi - 301348",+91-9457025869,Sulekha,2026-02-16T22:01:12.931017
Joshi Catering Co.,Caterer,Jaipur,"Plot 373, Malviya Nagar Road, Jaipur - 228028",+91-7091416521,IndiaMART,2026-04-15T22:01:12.931030
Royal Pest Solutions,Pest Control,Bangalore,"Plot 626, Koramangala Lane, Bangalore - 263688",+91-8803389422,TradeIndia,2026-05-07T21:01:12.931042
Meera's Power Solutions,Electrician,Vadodara,"Plot 732, Central Marg, Vadodara - 340541",+91-9325780573,IndiaMART,2026-04-24T12:01:12.931054
Sri Shah Legal Associates,Lawyer,Hyderabad,"Plot 712, Kukatpally Colony, Hyderabad - 775912",+91-7099744133,Sulekha,2026-03-07T23:01:12.931065
New Reddy Learning Hub,Tutor,Jaipur,"Plot 845, Malviya Nagar Lane, Jaipur - 296246",+91-9812383576,Sulekha,2026-05-05T16:01:12.931077
Royal Decor House,Interior Designer,Pune,"Plot 543, Kothrud Street, Pune - 354609",+91-7009746228,Google Maps,2026-04-08T18:01:12.931088
Sri Joshi Dining,Restaurant,Hyderabad,"Plot 465, Kukatpally Nagar, Hyderabad - 865551",+91-9880958311,Sulekha,2026-04-24T03:01:12.931100
Menon Learning Hub,Tutor,Nagpur,"Plot 632, Station Road Nagar, Nagpur - 533806",+91-9845357142,TradeIndia,2026-05-07T11:01:12.931113
New Shah Gadget Fix,Electronics Repair,Lucknow,"Plot 180, Indira Nagar Street, Lucknow - 716823",+91-9556415890,TradeIndia,2026-03-10T06:01:12.931124
Nair Event Management,Event Planner,Lucknow,"Plot 67, Indira Nagar Enclave, Lucknow - 375564",+91-8717034016,IndiaMART,2026-05-03T09:01:12.931138
Sanjay's Coaching Center,Tutor,Ahmedabad,"Plot 875, SG Highway Colony, Ahmedabad - 174156",+91-9636321343,Sulekha,2026-04-29T15:01:12.931150
Krishna Desai Pest Control Services,Pest Control,Coimbatore,"Plot 18, Main Area Colony, Coimbatore - 103045",+91-9689834888,Justdial,2026-03-17T04:01:12.931161
Krishna Mehta Electronics,Electronics Repair,Chennai,"Plot 8, Mylapore Lane, Chennai - 589771",+91-9135728365,IndiaMART,2026-03-10T03:01:12.931173
Kavita Verma Power Solutions,Electrician,Delhi,"Plot 973, Saket Road, Delhi - 326698",+91-9313837680,TradeIndia,2026-03-07T21:01:12.931185
Anjali's Homes,Real Estate Agent,Surat,"Plot 480, Central Marg, Surat - 527339",+91-8735176909,Sulekha,2026-03-07T05:01:12.931198
Royal Design Studio,Interior Designer,Surat,"Plot 982, Main Area Road, Surat - 302822",+91-9475089191,IndiaMART,2026-05-01T23:01:12.931210
Neha's Smile Studio,Dentist,Surat,"Plot 231, Main Area Road, Surat - 758677",+91-9112638231,IndiaMART,2026-04-01T10:01:12.931222
Sri Sharma Plumbing Services,Plumber,Delhi,"Plot 82, Dwarka Enclave, Delhi - 539647",+91-8758789870,Google Maps,2026-04-13T09:01:12.931233
New Mishra Accounting Firm,CA/Accountant,Jaipur,"Plot 544, Tonk Road Marg, Jaipur - 682111",+91-8770990151,Sulekha,2026-03-22T17:01:12.931245
Manoj Shah HygieneX,Pest Control,Ahmedabad,"Plot 654, Satellite Colony, Ahmedabad - 905611",+91-9001751946,IndiaMART,2026-03-17T15:01:12.931257
Sri Gupta Caterers,Caterer,Jaipur,"Plot 842, Tonk Road Enclave, Jaipur - 224947",+91-9397366881,Sulekha,2026-04-27T22:01:12.931270
Royal Accounting Firm,CA/Accountant,Bhopal,"Plot 47, Central Nagar, Bhopal - 751168",+91-9525351805,Google Maps,2026-03-07T00:01:12.931282
New Patil Car Care,Car Repair,Bhopal,"Plot 505, Main Area Road, Bhopal - 125682",+91-8741880000,Justdial,2026-03-27T18:01:12.931294
Amit Agarwal Beauty Salon,Salon,Vadodara,"Plot 361, Main Area Colony, Vadodara - 161502",+91-8854932264,Justdial,2026-04-05T10:01:12.931306
New Reddy Academy,Tutor,Vadodara,"Plot 712, Central Road, Vadodara - 318336",+91-8898509532,Sulekha,2026-02-27T00:01:12.931317
Nair Real Estate,Real Estate Agent,Kolkata,"Plot 702, Park Street Road, Kolkata - 285802",+91-9772179387,Justdial,2026-05-06T17:01:12.931329
Manoj Das Bites,Restaurant,Vadodara,"Plot 681, Station Road Street, Vadodara - 247591",+91-9627923804,TradeIndia,2026-04-26T19:01:12.931340
Patil Food Services,Caterer,Chennai,"Plot 919, T Nagar Lane, Chennai - 526342",+91-9119585193,Justdial,2026-05-01T04:01:12.931356
Sri Gupta Academy,Tutor,Jaipur,"Plot 638, Malviya Nagar Street, Jaipur - 820060",+91-9001013079,TradeIndia,2026-03-09T10:01:12.931380
New Verma Food Services,Caterer,Vadodara,"Plot 556, Station Road Lane, Vadodara - 644001",+91-8885596224,TradeIndia,2026-04-06T09:01:12.931393
Sri Nair Gadget Fix,Electronics Repair,Kolkata,"Plot 194, Gariahat Lane, Kolkata - 498510",+91-8720632782,TradeIndia,2026-04-06T06:01:12.931407
New Patil Design Studio,Interior Designer,Visakhapatnam,"Plot 218, Station Road Lane, Visakhapatnam - 603955",+91-9816673221,IndiaMART,2026-05-09T15:01:12.931420
Neha's Health Club,Gym,Nagpur,"Plot 981, Central Colony, Nagpur - 855946",+91-9465035821,TradeIndia,2026-04-11T12:01:12.931433
New Nair Logistics,Courier Service,Surat,"Plot 365, Main Area Road, Surat - 589388",+91-9558124471,TradeIndia,2026-04-19T06:01:12.931445
Rekha Joshi Car Care,Car Repair,Indore,"Plot 80, Main Area Road, Indore - 220196",+91-9824974983,TradeIndia,2026-03-23T16:01:12.931457
Anita's Hair Studio,Salon,Ahmedabad,"Plot 467, SG Highway Street, Ahmedabad - 943318",+91-9613033300,Google Maps,2026-05-08T11:01:12.931469
Raj's & Advocates,Lawyer,Bangalore,"Plot 678, Koramangala Road, Bangalore - 863753",+91-9597516529,IndiaMART,2026-04-22T02:01:12.931480
Sri Iyer Electricals,Electrician,Surat,"Plot 6, Central Colony, Surat - 289505",+91-7001426074,IndiaMART,2026-04-06T00:01:12.931491
New Gupta Clicks,Photographer,Vadodara,"Plot 57, Station Road Road, Vadodara - 692717",+91-9423045720,TradeIndia,2026-04-28T16:01:12.931503
Sunita Menon Digital Studio,Web Developer,Kochi,"Plot 174, Main Area Lane, Kochi - 629692",+91-9892136050,Google Maps,2026-03-20T02:01:12.931515
New Nair Plumbing Services,Plumber,Chennai,"Plot 475, Adyar Road, Chennai - 841681",+91-9776446254,Justdial,2026-03-30T06:01:12.931527
Priya Desai Kitchen,Restaurant,Coimbatore,"Plot 787, Central Marg, Coimbatore - 968450",+91-8724099121,IndiaMART,2026-03-17T10:01:12.931539
Nikhil Sharma Academy,Tutor,Vadodara,"Plot 881, Main Area Street, Vadodara - 135081",+91-9834141013,TradeIndia,2026-03-11T02:01:12.931550
New Agarwal HygieneX,Pest Control,Kolkata,"Plot 769, Howrah Enclave, Kolkata - 675637",+91-9644271127,Google Maps,2026-03-22T21:01:12.931561
Mehta Electricals,Electrician,Surat,"Plot 714, Station Road Road, Surat - 476080",+91-9797505777,IndiaMART,2026-02-22T17:01:12.931573
Divya Menon HygieneX,Pest Control,Bhopal,"Plot 639, Station Road Lane, Bhopal - 637657",+91-8884716682,Justdial,2026-03-06T01:01:12.931584
Sri Rao Electrical Works,Electrician,Noida,"Plot 465, Station Road Lane, Noida - 188790",+91-8701096865,TradeIndia,2026-04-02T05:01:12.931595
Patel Car Care,Car Repair,Vadodara,"Plot 708, Central Street, Vadodara - 912305",+91-8846605187,IndiaMART,2026-02-11T18:01:12.931612
Nikhil's Logistics,Courier Service,Bangalore,"Plot 390, Whitefield Lane, Bangalore - 327162",+91-9612720709,TradeIndia,2026-03-18T09:01:12.931623
Anita's Properties,Real Estate Agent,Visakhapatnam,"Plot 62, Central Street, Visakhapatnam - 547745",+91-9009628845,Sulekha,2026-03-16T22:01:12.931635
New Mishra Courier Services,Courier Service,Kochi,"Plot 613, Main Area Marg, Kochi - 210334",+91-9342854938,Justdial,2026-04-14T14:01:12.931646
Royal Makeover Studio,Salon,Jaipur,"Plot 506, Mansarovar Street, Jaipur - 258190",+91-9430648450,Sulekha,2026-04-18T02:01:12.931657
Divya Shah Caterers,Caterer,Ahmedabad,"Plot 93, Prahlad Nagar Road, Ahmedabad - 248126",+91-9347410393,Justdial,2026-02-18T02:01:12.931669
Royal Events,Event Planner,Indore,"Plot 605, Central Road, Indore - 728641",+91-9856103077,Google Maps,2026-04-15T12:01:12.931682
Royal Hospital,Doctor,Jaipur,"Plot 987, C Scheme Road, Jaipur - 895131",+91-7029355797,Google Maps,2026-03-02T18:01:12.931702
Ashok Nair Catering Co.,Caterer,Ahmedabad,"Plot 347, SG Highway Marg, Ahmedabad - 888639",+91-8886005079,IndiaMART,2026-04-01T15:01:12.931715
Divya Chauhan Express,Courier Service,Nagpur,"Plot 540, Station Road Nagar, Nagpur - 102017",+91-9315411646,Sulekha,2026-05-07T05:01:12.931727
Pillai Clinic,Doctor,Chandigarh,"Plot 787, Main Area Nagar, Chandigarh - 282993",+91-7041344337,TradeIndia,2026-03-12T13:01:12.931739
Pooja's Makeover Studio,Salon,Nagpur,"Plot 397, Main Area Enclave, Nagpur - 475634",+91-9340481891,Justdial,2026-04-19T20:01:12.931752
New Agarwal Dhaba,Restaurant,Indore,"Plot 275, Station Road Road, Indore - 103555",+91-9568316769,Justdial,2026-02-27T10:01:12.931765
New Pillai Realty,Real Estate Agent,Ahmedabad,"Plot 611, Vastrapur Enclave, Ahmedabad - 308652",+91-8724103827,TradeIndia,2026-05-03T13:01:12.931777
Anita Das Design Studio,Interior Designer,Chandigarh,"Plot 838, Central Colony, Chandigarh - 153491",+91-8708706735,TradeIndia,2026-02-13T16:01:12.931788
Sri Kulkarni HygieneX,Pest Control,Kochi,"Plot 880, Main Area Street, Kochi - 694339",+91-9623737770,IndiaMART,2026-03-29T03:01:12.931800
Rahul Pillai Spa,Salon,Nagpur,"Plot 742, Main Area Marg, Nagpur - 105634",+91-8758901717,IndiaMART,2026-05-04T14:01:12.931812
Sri Desai Classes,Tutor,Bangalore,"Plot 992, Indiranagar Lane, Bangalore - 290701",+91-9512225607,Justdial,2026-04-21T02:01:12.931823
Ravi's Law Firm,Lawyer,Nagpur,"Plot 145, Central Colony, Nagpur - 686568",+91-9821471489,Sulekha,2026-02-20T15:01:12.931835
Royal Express,Courier Service,Indore,"Plot 539, Station Road Colony, Indore - 550045",+91-9627855643,Justdial,2026-03-14T08:01:12.931847
Sri Mishra Classes,Tutor,Bangalore,"Plot 286, Whitefield Enclave, Bangalore - 965658",+91-9659102057,Justdial,2026-03-01T12:01:12.931858
Mehta Accounting Firm,CA/Accountant,Bangalore,"Plot 25, JP Nagar Street, Bangalore - 392887",+91-9361627074,IndiaMART,2026-03-29T08:01:12.931870
Sri Iyer Interiors,Interior Designer,Visakhapatnam,"Plot 614, Main Area Enclave, Visakhapatnam - 301364",+91-8819900551,TradeIndia,2026-03-30T15:01:12.931886
Patel Plumbing Services,Plumber,Coimbatore,"Plot 899, Station Road Road, Coimbatore - 509659",+91-9199229763,Google Maps,2026-04-19T09:01:12.931907
Sri Singh & Associates,CA/Accountant,Chennai,"Plot 510, Anna Nagar Lane, Chennai - 178440",+91-8764302985,IndiaMART,2026-03-10T23:01:12.931918
Mishra Electronics,Electronics Repair,Bangalore,"Plot 45, HSR Layout Street, Bangalore - 364190",+91-9039062938,Google Maps,2026-05-07T05:01:12.931932
Menon Clicks,Photographer,Delhi,"Plot 518, Saket Street, Delhi - 446005",+91-9340195660,Google Maps,2026-03-20T12:01:12.931944
Anjali's Realty,Real Estate Agent,Surat,"Plot 609, Main Area Road, Surat - 881331",+91-9789371338,Sulekha,2026-03-24T14:01:12.931956
Swati Iyer Design Studio,Interior Designer,Visakhapatnam,"Plot 798, Station Road Nagar, Visakhapatnam - 681355",+91-9696157053,IndiaMART,2026-03-13T10:01:12.931967
Raj's Logistics,Courier Service,Chandigarh,"Plot 243, Central Street, Chandigarh - 823034",+91-7051160581,IndiaMART,2026-03-09T15:01:12.931978
Sanjay Shah Food Services,Caterer,Hyderabad,"Plot 659, Madhapur Lane, Hyderabad - 168559",+91-9695930393,IndiaMART,2026-02-16T18:01:12.931990
Shah Makeover Studio,Salon,Kolkata,"Plot 420, New Town Enclave, Kolkata - 628291",+91-9170762532,Justdial,2026-04-29T14:01:12.932003
Krishna's Tax Consultants,CA/Accountant,Delhi,"Plot 527, Connaught Place Street, Delhi - 806558",+91-9638675948,Google Maps,2026-03-01T05:01:12.932017
Sri Nair Plumbing Works,Plumber,Visakhapatnam,"Plot 433, Central Lane, Visakhapatnam - 238432",+91-9436077272,Google Maps,2026-04-10T15:01:12.932029
Kavita's Photo Works,Photographer,Bhopal,"Plot 295, Central Colony, Bhopal - 152754",+91-9185120428,TradeIndia,2026-04-11T08:01:12.932041
Shah Caterers,Caterer,Delhi,"Plot 663, Saket Road, Delhi - 539966",+91-8731633450,IndiaMART,2026-03-02T17:01:12.932052
Royal Event Management,Event Planner,Jaipur,"Plot 764, Malviya Nagar Nagar, Jaipur - 229283",+91-9365094395,Sulekha,2026-03-26T18:01:12.932064
Rao Express,Courier Service,Indore,"Plot 886, Main Area Enclave, Indore - 613831",+91-9087809010,Sulekha,2026-04-13T23:01:12.932076
Rahul's Law Firm,Lawyer,Kochi,"Plot 219, Main Area Road, Kochi - 867692",+91-8792957768,Justdial,2026-03-27T18:01:12.932088
Royal Tech Solutions,Web Developer,Pune,"Plot 345, Kothrud Lane, Pune - 888713",+91-9617500443,Sulekha,2026-02-15T01:01:12.932100
Royal Design Studio,Interior Designer,Kolkata,"Plot 840, Howrah Street, Kolkata - 597111",+91-8782711110,IndiaMART,2026-04-10T19:01:12.932111
Chauhan Auto Works,Car Repair,Visakhapatnam,"Plot 747, Station Road Street, Visakhapatnam - 807696",+91-9418864679,Sulekha,2026-04-26T11:01:12.932122
Sri Reddy Fitness Center,Gym,Chennai,"Plot 576, Mylapore Lane, Chennai - 792412",+91-9326864856,Google Maps,2026-04-23T01:01:12.932134
Sri Nair Decor House,Interior Designer,Delhi,"Plot 457, Connaught Place Lane, Delhi - 388714",+91-9559124834,IndiaMART,2026-02-24T11:01:12.932145
Sanjay's Law Firm,Lawyer,Visakhapatnam,"Plot 675, Central Nagar, Visakhapatnam - 608998",+91-9593874743,Justdial,2026-04-11T07:01:12.932156
Royal Foods,Restaurant,Chandigarh,"Plot 957, Station Road Lane, Chandigarh - 206038",+91-9353396711,Google Maps,2026-03-16T00:01:12.932167
Pooja's Fitness Center,Gym,Kochi,"Plot 210, Main Area Colony, Kochi - 141219",+91-8819541874,TradeIndia,2026-03-25T06:01:12.932179
Sri Verma Plumbing Works,Plumber,Surat,"Plot 707, Main Area Colony, Surat - 111400",+91-9075367777,Justdial,2026-03-11T20:01:12.932192
Ashok Das Homes,Real Estate Agent,Bhopal,"Plot 95, Central Road, Bhopal - 603370",+91-9340929230,TradeIndia,2026-04-23T21:01:12.932203
New Patil & Advocates,Lawyer,Jaipur,"Plot 775, Tonk Road Nagar, Jaipur - 380483",+91-8768096091,TradeIndia,2026-04-01T20:01:12.932214
Sri Reddy Health Club,Gym,Jaipur,"Plot 463, Vaishali Nagar Lane, Jaipur - 113988",+91-9183991533,TradeIndia,2026-04-23T01:01:12.932225
Sharma Pest Control Services,Pest Control,Nagpur,"Plot 559, Main Area Street, Nagpur - 291044",+91-8893269280,Google Maps,2026-03-04T02:01:12.932238
Sri Menon Dental Clinic,Dentist,Visakhapatnam,"Plot 654, Main Area Lane, Visakhapatnam - 738562",+91-9339284199,Sulekha,2026-04-09T04:01:12.932250
Royal Real Estate,Real Estate Agent,Coimbatore,"Plot 312, Station Road Lane, Coimbatore - 141401",+91-9390628984,Justdial,2026-03-28T00:01:12.932261
Priya Reddy Law Firm,Lawyer,Hyderabad,"Plot 29, Kukatpally Nagar, Hyderabad - 561703",+91-7092867828,Google Maps,2026-04-12T08:01:12.932272
Pooja Chauhan Beauty Salon,Salon,Indore,"Plot 962, Main Area Marg, Indore - 332572",+91-9696105808,IndiaMART,2026-03-23T20:01:12.932284
Sri Shah Legal Associates,Lawyer,Kochi,"Plot 292, Central Road, Kochi - 976217",+91-8724621568,Justdial,2026-02-18T11:01:12.932296
Sri Joshi Express,Courier Service,Jaipur,"Plot 730, C Scheme Lane, Jaipur - 867776",+91-7017784616,IndiaMART,2026-02-16T15:01:12.932308
New Desai Clinic,Doctor,Nagpur,"Plot 237, Main Area Nagar, Nagpur - 229035",+91-9144561282,Sulekha,2026-05-11T21:01:12.932320
Royal Tech Solutions,Web Developer,Coimbatore,"Plot 77, Main Area Colony, Coimbatore - 263846",+91-9813380650,Sulekha,2026-04-28T00:01:12.932331
Kumar Garage,Car Repair,Chennai,"Plot 856, Adyar Marg, Chennai - 158248",+91-9795104614,Sulekha,2026-05-05T10:01:12.932342
Joshi Plumbing Services,Plumber,Chennai,"Plot 332, Anna Nagar Nagar, Chennai - 167954",+91-9329181879,Google Maps,2026-04-04T21:01:12.932354
New Iyer Logistics,Courier Service,Visakhapatnam,"Plot 14, Central Road, Visakhapatnam - 657924",+91-7052668637,TradeIndia,2026-02-20T13:01:12.932365
Sri Mehta Celebrations,Event Planner,Bangalore,"Plot 768, HSR Layout Lane, Bangalore - 103845",+91-9478079777,Sulekha,2026-02-16T03:01:12.932377
Amit Patil Health Center,Doctor,Chennai,"Plot 198, Mylapore Lane, Chennai - 680459",+91-9063893492,Justdial,2026-05-03T00:01:12.932388
Sanjay's Realty,Real Estate Agent,Bhopal,"Plot 265, Central Marg, Bhopal - 644011",+91-9463266498,Google Maps,2026-03-30T07:01:12.932410
Sri Patil Car Care,Car Repair,Indore,"Plot 863, Station Road Marg, Indore - 132088",+91-9499528290,IndiaMART,2026-03-27T04:01:12.932429
Priya's Fit Zone,Gym,Mumbai,"Plot 189, Powai Marg, Mumbai - 568612",+91-9131426675,TradeIndia,2026-02-21T05:01:12.932442
New Rao Events,Event Planner,Pune,"Plot 354, Koregaon Park Lane, Pune - 422718",+91-9721413251,Google Maps,2026-04-21T23:01:12.932454
New Joshi Fit Zone,Gym,Kolkata,"Plot 946, Park Street Street, Kolkata - 578434",+91-9398706254,TradeIndia,2026-04-06T04:01:12.932465
Sri Shah Event Management,Event Planner,Pune,"Plot 298, Hadapsar Lane, Pune - 579539",+91-9465460832,Justdial,2026-04-21T15:01:12.932478
Royal Spa,Salon,Surat,"Plot 8, Main Area Road, Surat - 952426",+91-8711254734,Sulekha,2026-03-24T17:01:12.932491
Royal Medical Center,Doctor,Pune,"Plot 16, Kothrud Street, Pune - 213302",+91-9192274019,Justdial,2026-05-10T05:01:12.932502
Rekha's Foods,Restaurant,Bangalore,"Plot 193, Whitefield Enclave, Bangalore - 637047",+91-9398461071,Sulekha,2026-03-22T03:01:12.932513
Arun Reddy Event Management,Event Planner,Chandigarh,"Plot 279, Station Road Nagar, Chandigarh - 151763",+91-9759724453,Google Maps,2026-04-18T11:01:12.932525
Sri Iyer Classes,Tutor,Jaipur,"Plot 546, Tonk Road Lane, Jaipur - 735694",+91-9715302194,Google Maps,2026-05-08T22:01:12.932537
Rahul's Pest Solutions,Pest Control,Visakhapatnam,"Plot 540, Station Road Colony, Visakhapatnam - 826286",+91-9855758557,Justdial,2026-04-19T02:01:12.932549
New Patel Accounting Firm,CA/Accountant,Indore,"Plot 909, Main Area Road, Indore - 585552",+91-9155463748,IndiaMART,2026-02-21T02:01:12.932560
Krishna's Pipe Solutions,Plumber,Delhi,"Plot 653, Saket Marg, Delhi - 412925",+91-9758999567,Sulekha,2026-04-21T09:01:12.932572
Anjali's HygieneX,Pest Control,Vadodara,"Plot 392, Station Road Road, Vadodara - 581035",+91-7059131101,Justdial,2026-04-21T05:01:12.932583
New Patel Hospital,Doctor,Bhopal,"Plot 150, Main Area Street, Bhopal - 268020",+91-9655901747,Justdial,2026-04-01T23:01:12.932596
Sri Chauhan Express,Courier Service,Lucknow,"Plot 656, Aliganj Marg, Lucknow - 798296",+91-9427177092,Google Maps,2026-04-15T06:01:12.932608
Sri Joshi Photo Works,Photographer,Kolkata,"Plot 709, Howrah Colony, Kolkata - 392555",+91-9012747524,Sulekha,2026-04-27T08:01:12.932619
Neha Mehta Pest Solutions,Pest Control,Delhi,"Plot 996, Lajpat Nagar Colony, Delhi - 781151",+91-8779364676,Sulekha,2026-04-06T12:01:12.932631
Sanjay's Decor House,Interior Designer,Pune,"Plot 817, Hadapsar Lane, Pune - 213057",+91-9677080440,TradeIndia,2026-04-29T22:01:12.932641
New Menon Hair Studio,Salon,Chennai,"Plot 168, Adyar Road, Chennai - 342604",+91-9848770877,TradeIndia,2026-03-03T04:01:12.932653
Royal Fitness Center,Gym,Ahmedabad,"Plot 223, Vastrapur Street, Ahmedabad - 273507",+91-9668893080,Sulekha,2026-04-20T21:01:12.932664
Kavita's Medical Center,Doctor,Lucknow,"Plot 264, Aliganj Nagar, Lucknow - 788327",+91-8778935493,Justdial,2026-03-19T13:01:12.932677
New Verma Homes,Real Estate Agent,Vadodara,"Plot 870, Main Area Marg, Vadodara - 725726",+91-8723779957,TradeIndia,2026-03-01T23:01:12.932689
New Patel Accounting Firm,CA/Accountant,Hyderabad,"Plot 49, Gachibowli Nagar, Hyderabad - 773975",+91-9644388616,Justdial,2026-04-15T22:01:12.932700
Krishna Kulkarni Motors,Car Repair,Noida,"Plot 233, Station Road Colony, Noida - 260069",+91-8873139814,Sulekha,2026-03-25T03:01:12.932715
Iyer Tax Consultants,CA/Accountant,Bhopal,"Plot 462, Station Road Colony, Bhopal - 494778",+91-9861064699,Google Maps,2026-03-04T08:01:12.932726
New Kumar Logistics,Courier Service,Surat,"Plot 570, Main Area Marg, Surat - 117666",+91-9383546413,TradeIndia,2026-05-04T10:01:12.932737
Manoj Singh Plumbing Services,Plumber,Ahmedabad,"Plot 115, Satellite Road, Ahmedabad - 498655",+91-8714032439,Google Maps,2026-04-03T12:01:12.932749
New Das Catering Co.,Caterer,Kolkata,"Plot 492, Park Street Marg, Kolkata - 128045",+91-9419049731,Sulekha,2026-04-23T00:01:12.932760
Pooja's Logistics,Courier Service,Chandigarh,"Plot 397, Central Nagar, Chandigarh - 947023",+91-8724841333,TradeIndia,2026-04-09T19:01:12.932772
Royal Electronics,Electronics Repair,Delhi,"Plot 794, Dwarka Nagar, Delhi - 899296",+91-9600938632,IndiaMART,2026-03-19T11:01:12.932784
Kavita's Properties,Real Estate Agent,Nagpur,"Plot 906, Central Road, Nagpur - 222983",+91-9817923572,Google Maps,2026-03-31T14:01:12.932796
Raj Rao Accounting Firm,CA/Accountant,Kochi,"Plot 15, Main Area Marg, Kochi - 378652",+91-9411760016,Justdial,2026-03-24T09:01:12.932807
New Iyer & Associates,CA/Accountant,Bangalore,"Plot 463, Whitefield Road, Bangalore - 354205",+91-9072184742,TradeIndia,2026-04-16T09:01:12.932818
New Desai Celebrations,Event Planner,Pune,"Plot 906, Hadapsar Nagar, Pune - 448245",+91-9027668133,Justdial,2026-03-02T21:01:12.932830
Rekha Das HygieneX,Pest Control,Mumbai,"Plot 415, Borivali Marg, Mumbai - 735043",+91-8828797403,Sulekha,2026-05-03T06:01:12.932841
New Singh Interiors,Interior Designer,Jaipur,"Plot 345, Mansarovar Nagar, Jaipur - 749555",+91-9153752092,Sulekha,2026-04-12T04:01:12.932855
Swati's Interiors,Interior Designer,Nagpur,"Plot 601, Central Marg, Nagpur - 350900",+91-8721096839,Justdial,2026-03-28T02:01:12.932867
Deepak Mehta Coaching Center,Tutor,Chennai,"Plot 879, Velachery Road, Chennai - 485462",+91-9165774098,TradeIndia,2026-03-08T03:01:12.932878
Sri Menon Logistics,Courier Service,Bhopal,"Plot 749, Station Road Nagar, Bhopal - 360447",+91-8790011708,Google Maps,2026-04-07T14:01:12.932890
Sri Das Hospital,Doctor,Noida,"Plot 439, Main Area Enclave, Noida - 869450",+91-9552276510,Google Maps,2026-04-13T15:01:12.932901
Ashok Shah Design Studio,Interior Designer,Bangalore,"Plot 193, JP Nagar Lane, Bangalore - 339428",+91-9155078889,IndiaMART,2026-03-08T06:01:12.932913
New Agarwal Hospital,Doctor,Kochi,"Plot 736, Station Road Colony, Kochi - 668755",+91-9490558355,Sulekha,2026-02-28T06:01:12.932929
Royal Smile Studio,Dentist,Pune,"Plot 55, Koregaon Park Lane, Pune - 551382",+91-8842125104,Justdial,2026-02-28T21:01:12.932954
Gupta Classes,Tutor,Vadodara,"Plot 560, Main Area Street, Vadodara - 613048",+91-9687596810,Sulekha,2026-02-13T03:01:12.932968
Kulkarni Homes,Real Estate Agent,Vadodara,"Plot 763, Main Area Enclave, Vadodara - 888627",+91-9002776740,Justdial,2026-02-17T06:01:12.932979
Sri Mehta Electricals,Electrician,Chandigarh,"Plot 74, Main Area Colony, Chandigarh - 597436",+91-9667648319,Sulekha,2026-04-09T06:01:12.932991
Shah Electronics,Electronics Repair,Delhi,"Plot 359, Karol Bagh Road, Delhi - 819560",+91-9037090383,Google Maps,2026-05-07T16:01:12.933002
Das Electrical Works,Electrician,Lucknow,"Plot 694, Gomti Nagar Street, Lucknow - 400980",+91-8795064118,Google Maps,2026-04-07T07:01:12.933014
New Reddy Motors,Car Repair,Ahmedabad,"Plot 603, SG Highway Colony, Ahmedabad - 523881",+91-9646610381,Sulekha,2026-02-16T19:01:12.933026
Patel Hospital,Doctor,Kochi,"Plot 497, Main Area Nagar, Kochi - 755298",+91-9546043659,Sulekha,2026-03-13T11:01:12.933040
New Pillai Dental Care,Dentist,Visakhapatnam,"Plot 278, Central Colony, Visakhapatnam - 921009",+91-9780294030,TradeIndia,2026-04-14T14:01:12.933051
Sri Menon Food Services,Caterer,Indore,"Plot 895, Station Road Colony, Indore - 473030",+91-9398995979,TradeIndia,2026-03-01T18:01:12.933063
Sri Singh Garage,Car Repair,Vadodara,"Plot 500, Station Road Lane, Vadodara - 517057",+91-9425610159,Justdial,2026-04-24T22:01:12.933074
Sri Kulkarni Studio,Photographer,Nagpur,"Plot 145, Central Street, Nagpur - 776964",+91-8735058384,Justdial,2026-03-11T03:01:12.933085
New Pillai Caterers,Caterer,Delhi,"Plot 409, Dwarka Colony, Delhi - 123657",+91-9400138416,IndiaMART,2026-05-10T05:01:12.933099
Sri Mishra Studio,Photographer,Kolkata,"Plot 320, Howrah Street, Kolkata - 261687",+91-8847790192,IndiaMART,2026-04-10T15:01:12.933110
Priya's Plumbing Works,Plumber,Indore,"Plot 69, Central Marg, Indore - 199148",+91-7075734922,Google Maps,2026-03-12T13:01:12.933122
Sri Patel IT Services,Web Developer,Delhi,"Plot 593, Connaught Place Colony, Delhi - 681171",+91-9028558430,IndiaMART,2026-05-02T04:01:12.933133
Royal Accounting Firm,CA/Accountant,Chandigarh,"Plot 384, Station Road Road, Chandigarh - 206697",+91-9329670249,TradeIndia,2026-04-20T22:01:12.933144
Iyer Learning Hub,Tutor,Hyderabad,"Plot 210, Banjara Hills Lane, Hyderabad - 473592",+91-9393546743,Justdial,2026-03-26T17:01:12.933155
New Sharma Legal Associates,Lawyer,Delhi,"Plot 160, Karol Bagh Road, Delhi - 723765",+91-9806752764,TradeIndia,2026-03-23T15:01:12.933168
New Patel Clicks,Photographer,Delhi,"Plot 561, Connaught Place Nagar, Delhi - 770758",+91-8739138991,TradeIndia,2026-02-27T13:01:12.933180
Amit Mehta Celebrations,Event Planner,Coimbatore,"Plot 501, Station Road Road, Coimbatore - 469165",+91-9372561142,Google Maps,2026-03-11T08:01:12.933192
Sri Desai Power Solutions,Electrician,Jaipur,"Plot 327, Tonk Road Enclave, Jaipur - 567205",+91-9440488027,IndiaMART,2026-03-13T04:01:12.933203
Raj Agarwal Accounting Firm,CA/Accountant,Surat,"Plot 739, Main Area Street, Surat - 207969",+91-7050465268,IndiaMART,2026-05-11T02:01:12.933216
New Pillai Dental Care,Dentist,Kochi,"Plot 164, Main Area Enclave, Kochi - 383589",+91-9616661735,Google Maps,2026-03-08T03:01:12.933227
Sri Reddy Event Management,Event Planner,Kochi,"Plot 263, Station Road Road, Kochi - 449130",+91-9453823074,TradeIndia,2026-03-03T22:01:12.933239
Royal Beauty Salon,Salon,Visakhapatnam,"Plot 928, Station Road Road, Visakhapatnam - 210464",+91-9488768730,Sulekha,2026-03-18T06:01:12.933250
Royal & Advocates,Lawyer,Nagpur,"Plot 221, Main Area Road, Nagpur - 133716",+91-8732513802,Justdial,2026-03-24T18:01:12.933291
New Verma Studio,Photographer,Pune,"Plot 114, Hinjewadi Street, Pune - 640884",+91-9556131588,IndiaMART,2026-03-31T10:01:12.933305
Sri Mehta Decor House,Interior Designer,Nagpur,"Plot 414, Main Area Enclave, Nagpur - 178620",+91-9834741630,IndiaMART,2026-04-30T10:01:12.933317
Nikhil's Tech Repair,Electronics Repair,Noida,"Plot 52, Main Area Enclave, Noida - 626270",+91-9891143910,Google Maps,2026-04-19T13:01:12.933328
Royal Catering Co.,Caterer,Bhopal,"Plot 345, Main Area Lane, Bhopal - 241426",+91-9854619989,TradeIndia,2026-05-12T02:01:12.933340
Royal Express,Courier Service,Delhi,"Plot 5, Karol Bagh Colony, Delhi - 512509",+91-7054156081,Sulekha,2026-04-15T14:01:12.933351
Nair Express,Courier Service,Visakhapatnam,"Plot 399, Main Area Nagar, Visakhapatnam - 501725",+91-9405321315,Justdial,2026-04-03T04:01:12.933363
New Patil Catering Co.,Caterer,Coimbatore,"Plot 496, Central Marg, Coimbatore - 669369",+91-9175639750,Justdial,2026-02-21T03:01:12.933374
Sanjay Bhat Event Management,Event Planner,Kochi,"Plot 121, Station Road Colony, Kochi - 204952",+91-8831375254,Justdial,2026-05-03T09:01:12.933385
Arun Das Interiors,Interior Designer,Kolkata,"Plot 959, New Town Marg, Kolkata - 394987",+91-7090428500,Google Maps,2026-03-23T18:01:12.933396
Sanjay's Pest Solutions,Pest Control,Pune,"Plot 54, Viman Nagar Colony, Pune - 392696",+91-9851469005,Sulekha,2026-03-28T23:01:12.933407
Nikhil Singh Properties,Real Estate Agent,Lucknow,"Plot 860, Indira Nagar Nagar, Lucknow - 955016",+91-9039658191,TradeIndia,2026-05-10T21:01:12.933419
New Sharma Tech Repair,Electronics Repair,Ahmedabad,"Plot 11, Navrangpura Road, Ahmedabad - 397422",+91-9050992165,Sulekha,2026-02-23T14:01:12.933430
New Sharma & Associates,CA/Accountant,Bhopal,"Plot 246, Station Road Nagar, Bhopal - 120296",+91-9683382083,TradeIndia,2026-04-06T08:01:12.933442
Sri Agarwal Pest Solutions,Pest Control,Indore,"Plot 86, Central Lane, Indore - 235820",+91-9031506904,Google Maps,2026-04-02T14:01:12.933460
Pooja's Express,Courier Service,Bangalore,"Plot 154, JP Nagar Road, Bangalore - 704505",+91-9083237883,Sulekha,2026-03-06T02:01:12.933478
New Mishra Pest Solutions,Pest Control,Chandigarh,"Plot 864, Station Road Marg, Chandigarh - 241902",+91-9079350376,Justdial,2026-04-17T00:01:12.933492
New Joshi Academy,Tutor,Bangalore,"Plot 944, JP Nagar Nagar, Bangalore - 546601",+91-8793808259,Sulekha,2026-02-20T12:01:12.933503
Kulkarni Law Firm,Lawyer,Kolkata,"Plot 218, Park Street Colony, Kolkata - 192774",+91-9731186581,IndiaMART,2026-02-13T23:01:12.933516
Suresh's Health Club,Gym,Surat,"Plot 994, Main Area Lane, Surat - 287661",+91-9726253192,TradeIndia,2026-03-22T22:01:12.933528
Anita's Accounting Firm,CA/Accountant,Vadodara,"Plot 211, Station Road Street, Vadodara - 146802",+91-8749876129,Google Maps,2026-03-30T16:01:12.933539
Sri Reddy Classes,Tutor,Kolkata,"Plot 840, Howrah Colony, Kolkata - 763827",+91-9790592141,TradeIndia,2026-02-20T23:01:12.933551
New Kumar Law Firm,Lawyer,Pune,"Plot 196, Viman Nagar Lane, Pune - 123989",+91-8877751764,Sulekha,2026-02-17T22:01:12.933562
New Das Power Solutions,Electrician,Coimbatore,"Plot 943, Main Area Lane, Coimbatore - 750829",+91-9184649566,Sulekha,2026-03-19T05:01:12.933573
New Reddy Dental Care,Dentist,Ahmedabad,"Plot 867, Satellite Road, Ahmedabad - 394957",+91-9533441843,TradeIndia,2026-03-12T15:01:12.933585
New Bhat IT Services,Web Developer,Delhi,"Plot 436, Connaught Place Road, Delhi - 523865",+91-9002206333,TradeIndia,2026-04-11T04:01:12.933596
Neha Desai Law Firm,Lawyer,Vadodara,"Plot 271, Central Lane, Vadodara - 137125",+91-9179824928,TradeIndia,2026-03-01T10:01:12.933612
Royal Homes,Real Estate Agent,Noida,"Plot 324, Main Area Enclave, Noida - 710963",+91-8859000623,Sulekha,2026-04-07T18:01:12.933623
Royal Dining,Restaurant,Hyderabad,"Plot 117, Gachibowli Road, Hyderabad - 712448",+91-8728851574,Sulekha,2026-04-27T03:01:12.933635
